{"v":"5.12.1","fr":25,"ip":0,"op":200,"w":4541,"h":3428,"nm":"Comp 1","ddd":0,"assets":[],"layers":[{"ddd":0,"ind":1,"ty":4,"nm":"Layer 1/grafico contornos","sr":1,"ks":{"o":{"a":0,"k":100,"ix":11},"r":{"a":0,"k":0,"ix":10},"p":{"a":0,"k":[1027.278,3139.333,0],"ix":2,"l":2},"a":{"a":0,"k":[37.89,324.995,0],"ix":1,"l":2},"s":{"a":1,"k":[{"i":{"x":[0,0,0.667],"y":[1,1,1]},"o":{"x":[1,1,0.333],"y":[0,0,0]},"t":0,"s":[905,0,100]},{"t":14,"s":[905,905,100]}],"ix":6,"l":2}},"ao":0,"shapes":[{"ty":"gr","it":[{"ind":0,"ty":"sh","ix":1,"ks":{"a":0,"k":{"i":[[0,0],[9.778,0.429],[0,0],[0,0]],"o":[[-9.811,0.041],[0,0],[0,0],[0,0]],"v":[[18.107,-49.245],[-18.107,-49.835],[-18.107,49.836],[18.107,49.836]],"c":true},"ix":2},"nm":"Trazado 1","mn":"ADBE Vector Shape - Group","hd":false},{"ty":"gf","o":{"a":0,"k":100,"ix":10},"r":1,"bm":0,"g":{"p":3,"k":{"a":0,"k":[0,0.327,0.187,0.933,0.5,0.452,0.128,0.692,1,0.576,0.07,0.451],"ix":9}},"s":{"a":0,"k":[0,45.083],"ix":5},"e":{"a":0,"k":[-0.773,-64.53],"ix":6},"t":1,"nm":"Relleno de degradado 1","mn":"ADBE Vector Graphic - G-Fill","hd":false},{"ty":"tr","p":{"a":0,"k":[37.898,275.893],"ix":2},"a":{"a":0,"k":[0,0],"ix":1},"s":{"a":0,"k":[100,100],"ix":3},"r":{"a":0,"k":0,"ix":6},"o":{"a":0,"k":100,"ix":7},"sk":{"a":0,"k":0,"ix":4},"sa":{"a":0,"k":0,"ix":5},"nm":"Transformar"}],"nm":"Grupo 1","np":2,"cix":2,"bm":0,"ix":1,"mn":"ADBE Vector Group","hd":false}],"ip":0,"op":200,"st":0,"ct":1,"bm":0},{"ddd":0,"ind":2,"ty":4,"nm":"Capa 2/grafico contornos","sr":1,"ks":{"o":{"a":0,"k":100,"ix":11},"r":{"a":0,"k":0,"ix":10},"p":{"a":0,"k":[1598.389,3143.333,0],"ix":2,"l":2},"a":{"a":0,"k":[100.996,325.437,0],"ix":1,"l":2},"s":{"a":1,"k":[{"i":{"x":[0,0,0.667],"y":[1,1,1]},"o":{"x":[1,1,0.333],"y":[0,0,0]},"t":8,"s":[905,0,100]},{"t":23,"s":[905,905,100]}],"ix":6,"l":2}},"ao":0,"shapes":[{"ty":"gr","it":[{"ind":0,"ty":"sh","ix":1,"ks":{"a":0,"k":{"i":[[0,0],[2.229,-0.258],[9.848,-0.538],[0,0],[0,0]],"o":[[-2.228,0.291],[-9.834,1.125],[0,0],[0,0],[0,0]],"v":[[18.107,-51.592],[11.421,-50.763],[-18.108,-48.29],[-18.108,51.592],[18.107,51.592]],"c":true},"ix":2},"nm":"Trazado 1","mn":"ADBE Vector Shape - Group","hd":false},{"ty":"gf","o":{"a":0,"k":100,"ix":10},"r":1,"bm":0,"g":{"p":3,"k":{"a":0,"k":[0,0.327,0.187,0.933,0.5,0.452,0.128,0.692,1,0.576,0.07,0.451],"ix":9}},"s":{"a":0,"k":[0.884,43.315],"ix":5},"e":{"a":0,"k":[0.11,-49.503],"ix":6},"t":1,"nm":"Relleno de degradado 1","mn":"ADBE Vector Graphic - G-Fill","hd":false},{"ty":"tr","p":{"a":0,"k":[101.747,274.137],"ix":2},"a":{"a":0,"k":[0,0],"ix":1},"s":{"a":0,"k":[100,100],"ix":3},"r":{"a":0,"k":0,"ix":6},"o":{"a":0,"k":100,"ix":7},"sk":{"a":0,"k":0,"ix":4},"sa":{"a":0,"k":0,"ix":5},"nm":"Transformar"}],"nm":"Grupo 1","np":2,"cix":2,"bm":0,"ix":1,"mn":"ADBE Vector Group","hd":false}],"ip":0,"op":200,"st":0,"ct":1,"bm":0},{"ddd":0,"ind":3,"ty":4,"nm":"Capa 3/grafico contornos","sr":1,"ks":{"o":{"a":0,"k":100,"ix":11},"r":{"a":0,"k":0,"ix":10},"p":{"a":0,"k":[2174.389,3143.333,0],"ix":2,"l":2},"a":{"a":0,"k":[164.642,325.437,0],"ix":1,"l":2},"s":{"a":1,"k":[{"i":{"x":[0,0,0.667],"y":[1,1,1]},"o":{"x":[1,1,0.333],"y":[0,0,0]},"t":17,"s":[905,0,100]},{"t":32,"s":[905,905,100]}],"ix":6,"l":2}},"ao":0,"shapes":[{"ty":"gr","it":[{"ind":0,"ty":"sh","ix":1,"ks":{"a":0,"k":{"i":[[0,0],[12.174,-2.417],[0,0],[0,0]],"o":[[-11.945,3.696],[0,0],[0,0],[0,0]],"v":[[18.108,-58.408],[-18.107,-49.295],[-18.107,58.408],[18.108,58.408]],"c":true},"ix":2},"nm":"Trazado 1","mn":"ADBE Vector Shape - Group","hd":false},{"ty":"gf","o":{"a":0,"k":100,"ix":10},"r":1,"bm":0,"g":{"p":3,"k":{"a":0,"k":[0,0.327,0.187,0.933,0.5,0.452,0.128,0.692,1,0.576,0.07,0.451],"ix":9}},"s":{"a":0,"k":[0,52.155],"ix":5},"e":{"a":0,"k":[0.11,-50.387],"ix":6},"t":1,"nm":"Relleno de degradado 1","mn":"ADBE Vector Graphic - G-Fill","hd":false},{"ty":"tr","p":{"a":0,"k":[165.596,267.321],"ix":2},"a":{"a":0,"k":[0,0],"ix":1},"s":{"a":0,"k":[100,100],"ix":3},"r":{"a":0,"k":0,"ix":6},"o":{"a":0,"k":100,"ix":7},"sk":{"a":0,"k":0,"ix":4},"sa":{"a":0,"k":0,"ix":5},"nm":"Transformar"}],"nm":"Grupo 1","np":2,"cix":2,"bm":0,"ix":1,"mn":"ADBE Vector Group","hd":false}],"ip":0,"op":200,"st":0,"ct":1,"bm":0},{"ddd":0,"ind":4,"ty":4,"nm":"Capa 4/grafico contornos","sr":1,"ks":{"o":{"a":0,"k":100,"ix":11},"r":{"a":0,"k":0,"ix":10},"p":{"a":0,"k":[2764.611,3136.222,0],"ix":2,"l":2},"a":{"a":0,"k":[229.86,324.652,0],"ix":1,"l":2},"s":{"a":1,"k":[{"i":{"x":[0,0,0.667],"y":[1,1,1]},"o":{"x":[1,1,0.333],"y":[0,0,0]},"t":26,"s":[905,0,100]},{"t":40,"s":[905,905,100]}],"ix":6,"l":2}},"ao":0,"shapes":[{"ty":"gr","it":[{"ind":0,"ty":"sh","ix":1,"ks":{"a":0,"k":{"i":[[2.868,-1.604],[9.431,-3.941],[0,0],[0,0],[0,0]],"o":[[-9.003,5.04],[0,0],[0,0],[0,0],[-2.811,1.724]],"v":[[9.592,-67.615],[-18.108,-54.187],[-18.108,72.618],[18.107,72.618],[18.107,-72.618]],"c":true},"ix":2},"nm":"Trazado 1","mn":"ADBE Vector Shape - Group","hd":false},{"ty":"gf","o":{"a":0,"k":100,"ix":10},"r":1,"bm":0,"g":{"p":3,"k":{"a":0,"k":[0,0.327,0.187,0.933,0.5,0.452,0.128,0.692,1,0.576,0.07,0.451],"ix":9}},"s":{"a":0,"k":[0.884,64.53],"ix":5},"e":{"a":0,"k":[0.11,-52.155],"ix":6},"t":1,"nm":"Relleno de degradado 1","mn":"ADBE Vector Graphic - G-Fill","hd":false},{"ty":"tr","p":{"a":0,"k":[229.444,252.464],"ix":2},"a":{"a":0,"k":[0,0],"ix":1},"s":{"a":0,"k":[100,100],"ix":3},"r":{"a":0,"k":0,"ix":6},"o":{"a":0,"k":100,"ix":7},"sk":{"a":0,"k":0,"ix":4},"sa":{"a":0,"k":0,"ix":5},"nm":"Transformar"}],"nm":"Grupo 1","np":2,"cix":2,"bm":0,"ix":1,"mn":"ADBE Vector Group","hd":false}],"ip":0,"op":200,"st":0,"ct":1,"bm":0},{"ddd":0,"ind":5,"ty":4,"nm":"Capa 5/grafico contornos","sr":1,"ks":{"o":{"a":0,"k":100,"ix":11},"r":{"a":0,"k":0,"ix":10},"p":{"a":0,"k":[3340.611,3129.111,0],"ix":2,"l":2},"a":{"a":0,"k":[293.507,323.866,0],"ix":1,"l":2},"s":{"a":1,"k":[{"i":{"x":[0,0,0.667],"y":[1,1,1]},"o":{"x":[1,1,0.333],"y":[0,0,0]},"t":36,"s":[905,0,100]},{"t":51,"s":[905,905,100]}],"ix":6,"l":2}},"ao":0,"shapes":[{"ty":"gr","it":[{"ind":0,"ty":"sh","ix":1,"ks":{"a":0,"k":{"i":[[11.585,-9.797],[0.328,-0.274],[0,0],[0,0],[0,0],[1.226,-1.592]],"o":[[-0.326,0.276],[0,0],[0,0],[0,0],[-1.182,1.626],[-9.385,12.14]],"v":[[-17.119,-64.014],[-18.107,-63.199],[-18.107,101.856],[18.108,101.856],[18.108,-101.856],[14.504,-97.022]],"c":true},"ix":2},"nm":"Trazado 1","mn":"ADBE Vector Shape - Group","hd":false},{"ty":"gf","o":{"a":0,"k":100,"ix":10},"r":1,"bm":0,"g":{"p":3,"k":{"a":0,"k":[0,0.327,0.187,0.933,0.5,0.452,0.128,0.692,1,0.576,0.07,0.451],"ix":9}},"s":{"a":0,"k":[0,85.746],"ix":5},"e":{"a":0,"k":[-0.773,-71.602],"ix":6},"t":1,"nm":"Relleno de degradado 1","mn":"ADBE Vector Graphic - G-Fill","hd":false},{"ty":"tr","p":{"a":0,"k":[293.293,222.545],"ix":2},"a":{"a":0,"k":[0,0],"ix":1},"s":{"a":0,"k":[100,100],"ix":3},"r":{"a":0,"k":0,"ix":6},"o":{"a":0,"k":100,"ix":7},"sk":{"a":0,"k":0,"ix":4},"sa":{"a":0,"k":0,"ix":5},"nm":"Transformar"}],"nm":"Grupo 1","np":2,"cix":2,"bm":0,"ix":1,"mn":"ADBE Vector Group","hd":false}],"ip":0,"op":200,"st":0,"ct":1,"bm":0},{"ddd":0,"ind":6,"ty":4,"nm":"Capa 6/grafico contornos","sr":1,"ks":{"o":{"a":1,"k":[{"i":{"x":[0],"y":[1]},"o":{"x":[1],"y":[0]},"t":47,"s":[0]},{"t":64,"s":[100]}],"ix":11},"r":{"a":0,"k":1,"ix":10},"p":{"a":1,"k":[{"i":{"x":0,"y":1},"o":{"x":1,"y":0},"t":47,"s":[2379.294,2807.952,0],"to":[0,0,0],"ti":[0,0,0]},{"t":65,"s":[2379.294,1676.952,0]}],"ix":2,"l":2},"a":{"a":0,"k":[200.085,164.215,0],"ix":1,"l":2},"s":{"a":0,"k":[789,789,100],"ix":6,"l":2}},"ao":0,"shapes":[{"ty":"gr","it":[{"ind":0,"ty":"sh","ix":1,"ks":{"a":0,"k":{"i":[[0,0],[0,0],[0,0],[0,0],[0,0],[3.918,-6.146],[9.574,-9.679],[11.424,-7.795],[12.702,-5.947],[27.941,-5.767],[28.753,-1.283],[0,0],[-28.844,3.301],[-27.764,10.092],[-13.053,7.306],[-11.584,9.805],[-9.385,12.14],[-5.854,10.943],[0,0]],"o":[[0,0],[0,0],[0,0],[0,0],[-3.187,6.528],[-7.249,11.327],[-9.57,9.683],[-11.425,7.8],[-25.431,11.895],[-27.973,5.746],[0,0],[28.755,1.261],[28.818,-3.337],[13.868,-5.051],[13.05,-7.301],[11.585,-9.797],[7.552,-9.798],[0,0],[0,0]],"v":[[149.5,-92.21],[142.674,-101.548],[90.495,-55.072],[97.319,-45.732],[106.322,-42.754],[95.677,-23.719],[70.356,7.88],[38.721,34.122],[2.393,54.706],[-78.322,80.715],[-163.668,90.947],[-156.842,100.287],[-70.29,97.604],[15.063,78.171],[55.578,59.725],[92.715,34.089],[124.337,1.081],[144.441,-30.145],[163.668,-23.783]],"c":true},"ix":2},"nm":"Trazado 1","mn":"ADBE Vector Shape - Group","hd":false},{"ty":"gf","o":{"a":0,"k":100,"ix":10},"r":1,"bm":0,"g":{"p":3,"k":{"a":0,"k":[0,0.111,0.106,0.333,0.5,0.295,0.202,0.667,1,0.48,0.298,1],"ix":9}},"s":{"a":0,"k":[-160.631,93.058],"ix":5},"e":{"a":0,"k":[100,0],"ix":6},"t":1,"nm":"Relleno de degradado 1","mn":"ADBE Vector Graphic - G-Fill","hd":false},{"ty":"tr","p":{"a":0,"k":[172.282,108.025],"ix":2},"a":{"a":0,"k":[0,0],"ix":1},"s":{"a":0,"k":[100,100],"ix":3},"r":{"a":0,"k":0,"ix":6},"o":{"a":0,"k":100,"ix":7},"sk":{"a":0,"k":0,"ix":4},"sa":{"a":0,"k":0,"ix":5},"nm":"Transformar"}],"nm":"Grupo 1","np":2,"cix":2,"bm":0,"ix":1,"mn":"ADBE Vector Group","hd":false}],"ip":0,"op":200,"st":0,"ct":1,"bm":0}],"markers":[],"props":{}}