{"v":"5.12.1","fr":25,"ip":0,"op":50,"w":500,"h":500,"nm":"Comp 1","ddd":0,"assets":[],"layers":[{"ddd":0,"ind":1,"ty":4,"nm":"Layer 1/icon contornos","sr":1,"ks":{"o":{"a":1,"k":[{"i":{"x":[0.833],"y":[0.833]},"o":{"x":[0.167],"y":[0.167]},"t":0,"s":[0]},{"t":18,"s":[100]}],"ix":11},"r":{"a":0,"k":0,"ix":10},"p":{"a":1,"k":[{"i":{"x":0,"y":1},"o":{"x":1,"y":0},"t":0,"s":[250.768,-187,0],"to":[0,0,0],"ti":[0,0,0]},{"i":{"x":0.667,"y":1},"o":{"x":1,"y":0},"t":17,"s":[250.768,297.394,0],"to":[0,0,0],"ti":[0,0,0]},{"i":{"x":0.667,"y":1},"o":{"x":0.333,"y":0},"t":33,"s":[250.768,241.394,0],"to":[0,0,0],"ti":[0,0,0]},{"t":41,"s":[250.768,250.394,0]}],"ix":2,"l":2},"a":{"a":0,"k":[116.5,99.5,0],"ix":1,"l":2},"s":{"a":0,"k":[179,179,100],"ix":6,"l":2}},"ao":0,"shapes":[{"ty":"gr","it":[{"ind":0,"ty":"sh","ix":1,"ks":{"a":0,"k":{"i":[[0,0],[0,0],[0,0],[0,0]],"o":[[0,0],[0,0],[0,0],[0,0]],"v":[[104.559,62.368],[85.668,49.325],[89.26,44.738],[108.499,57.338]],"c":true},"ix":2},"nm":"Trazado 1","mn":"ADBE Vector Shape - Group","hd":false},{"ind":1,"ty":"sh","ix":2,"ks":{"a":0,"k":{"i":[[0,0],[0,0],[0,0],[0,0]],"o":[[0,0],[0,0],[0,0],[0,0]],"v":[[96.077,73.196],[78.036,59.066],[83.663,51.885],[102.553,64.927]],"c":true},"ix":2},"nm":"Trazado 2","mn":"ADBE Vector Shape - Group","hd":false},{"ind":2,"ty":"sh","ix":3,"ks":{"a":0,"k":{"i":[[0,0],[0,0],[0,0],[0,0]],"o":[[0,0],[0,0],[0,0],[0,0]],"v":[[88.385,83.017],[71.196,67.801],[76.034,61.622],[94.075,75.751]],"c":true},"ix":2},"nm":"Trazado 3","mn":"ADBE Vector Shape - Group","hd":false},{"ind":3,"ty":"sh","ix":4,"ks":{"a":0,"k":{"i":[[0,0],[0,0],[0,0],[0,0]],"o":[[0,0],[0,0],[0,0],[0,0]],"v":[[81.65,91.609],[65.124,75.549],[69.191,70.36],[86.379,85.576]],"c":true},"ix":2},"nm":"Trazado 4","mn":"ADBE Vector Shape - Group","hd":false},{"ind":4,"ty":"sh","ix":5,"ks":{"a":0,"k":{"i":[[0,0],[0,0],[0,0],[0,0]],"o":[[0,0],[0,0],[0,0],[0,0]],"v":[[80.314,45.63],[58.906,30.848],[62.007,26.891],[83.809,41.169]],"c":true},"ix":2},"nm":"Trazado 5","mn":"ADBE Vector Shape - Group","hd":false},{"ind":5,"ty":"sh","ix":6,"ks":{"a":0,"k":{"i":[[0,0],[0,0],[0,0],[0,0]],"o":[[0,0],[0,0],[0,0],[0,0]],"v":[[72.925,55.063],[52.481,39.049],[56.9,33.409],[78.309,48.19]],"c":true},"ix":2},"nm":"Trazado 6","mn":"ADBE Vector Shape - Group","hd":false},{"ind":6,"ty":"sh","ix":7,"ks":{"a":0,"k":{"i":[[0,0],[0,0],[0,0],[0,0]],"o":[[0,0],[0,0],[0,0],[0,0]],"v":[[66.325,63.489],[46.847,46.242],[50.48,41.605],[70.923,57.618]],"c":true},"ix":2},"nm":"Trazado 7","mn":"ADBE Vector Shape - Group","hd":false},{"ind":7,"ty":"sh","ix":8,"ks":{"a":0,"k":{"i":[[0,0],[0,0],[0,0],[0,0]],"o":[[0,0],[0,0],[0,0],[0,0]],"v":[[60.443,70.999],[41.713,52.797],[44.842,48.803],[64.319,66.049]],"c":true},"ix":2},"nm":"Trazado 8","mn":"ADBE Vector Shape - Group","hd":false},{"ind":8,"ty":"sh","ix":9,"ks":{"a":0,"k":{"i":[[0,0],[0,0],[0,0],[0,0]],"o":[[0,0],[0,0],[0,0],[0,0]],"v":[[53.555,27.153],[36.554,15.414],[39.24,11.983],[56.556,23.322]],"c":true},"ix":2},"nm":"Trazado 9","mn":"ADBE Vector Shape - Group","hd":false},{"ind":9,"ty":"sh","ix":10,"ks":{"a":0,"k":{"i":[[0,0],[0,0],[0,0],[0,0]],"o":[[0,0],[0,0],[0,0],[0,0]],"v":[[47.37,35.046],[31.136,22.331],[34.548,17.974],[51.55,29.713]],"c":true},"ix":2},"nm":"Trazado 10","mn":"ADBE Vector Shape - Group","hd":false},{"ind":10,"ty":"sh","ix":11,"ks":{"a":0,"k":{"i":[[0,0],[0,0],[0,0],[0,0]],"o":[[0,0],[0,0],[0,0],[0,0]],"v":[[41.979,41.932],[26.512,28.236],[29.134,24.886],[45.369,37.601]],"c":true},"ix":2},"nm":"Trazado 11","mn":"ADBE Vector Shape - Group","hd":false},{"ind":11,"ty":"sh","ix":12,"ks":{"a":0,"k":{"i":[[0,0],[0,0],[0,0],[0,0]],"o":[[0,0],[0,0],[0,0],[0,0]],"v":[[37.033,48.248],[22.157,33.793],[24.506,30.798],[39.973,44.491]],"c":true},"ix":2},"nm":"Trazado 12","mn":"ADBE Vector Shape - Group","hd":false},{"ind":12,"ty":"sh","ix":13,"ks":{"a":0,"k":{"i":[[0,0],[0,0],[0,0]],"o":[[0,0],[0,0],[0,0]],"v":[[-45.122,58.232],[-23.575,35.901],[-15.673,42.091]],"c":true},"ix":2},"nm":"Trazado 13","mn":"ADBE Vector Shape - Group","hd":false},{"ind":13,"ty":"sh","ix":14,"ks":{"a":0,"k":{"i":[[0,0],[0,0],[0,0]],"o":[[0,0],[0,0],[0,0]],"v":[[-46.787,57.523],[-38.118,24.512],[-24.915,34.853]],"c":true},"ix":2},"nm":"Trazado 14","mn":"ADBE Vector Shape - Group","hd":false},{"ind":14,"ty":"sh","ix":15,"ks":{"a":0,"k":{"i":[[0,0],[0,0],[0,0],[0,0]],"o":[[0,0],[0,0],[0,0],[0,0]],"v":[[-23.717,-31.799],[-39.188,-45.493],[-36.188,-49.324],[-21.031,-35.23]],"c":true},"ix":2},"nm":"Trazado 15","mn":"ADBE Vector Shape - Group","hd":false},{"ind":15,"ty":"sh","ix":16,"ks":{"a":0,"k":{"i":[[0,0],[0,0],[0,0],[0,0]],"o":[[0,0],[0,0],[0,0],[0,0]],"v":[[-29.135,-24.883],[-45.369,-37.6],[-41.194,-42.934],[-25.723,-29.238]],"c":true},"ix":2},"nm":"Trazado 16","mn":"ADBE Vector Shape - Group","hd":false},{"ind":16,"ty":"sh","ix":17,"ks":{"a":0,"k":{"i":[[0,0],[0,0],[0,0],[0,0]],"o":[[0,0],[0,0],[0,0],[0,0]],"v":[[-33.763,-18.975],[-50.764,-30.714],[-47.371,-35.045],[-31.137,-22.328]],"c":true},"ix":2},"nm":"Trazado 17","mn":"ADBE Vector Shape - Group","hd":false},{"ind":17,"ty":"sh","ix":18,"ks":{"a":0,"k":{"i":[[0,0],[0,0],[0,0],[0,0]],"o":[[0,0],[0,0],[0,0],[0,0]],"v":[[-38.114,-13.419],[-55.711,-24.399],[-52.77,-28.153],[-35.769,-16.416]],"c":true},"ix":2},"nm":"Trazado 18","mn":"ADBE Vector Shape - Group","hd":false},{"ind":18,"ty":"sh","ix":19,"ks":{"a":0,"k":{"i":[[0,0],[0,0],[0,0],[0,0]],"o":[[0,0],[0,0],[0,0],[0,0]],"v":[[-44.056,-49.805],[-63.534,-67.049],[-60.043,-71.509],[-40.958,-53.761]],"c":true},"ix":2},"nm":"Trazado 19","mn":"ADBE Vector Shape - Group","hd":false},{"ind":19,"ty":"sh","ix":20,"ks":{"a":0,"k":{"i":[[0,0],[0,0],[0,0],[0,0]],"o":[[0,0],[0,0],[0,0],[0,0]],"v":[[-50.48,-41.604],[-70.923,-57.617],[-65.539,-64.49],[-46.061,-47.244]],"c":true},"ix":2},"nm":"Trazado 20","mn":"ADBE Vector Shape - Group","hd":false},{"ind":20,"ty":"sh","ix":21,"ks":{"a":0,"k":{"i":[[0,0],[0,0],[0,0],[0,0]],"o":[[0,0],[0,0],[0,0],[0,0]],"v":[[-56.115,-34.409],[-77.523,-49.191],[-72.925,-55.062],[-52.482,-39.048]],"c":true},"ix":2},"nm":"Trazado 21","mn":"ADBE Vector Shape - Group","hd":false},{"ind":21,"ty":"sh","ix":22,"ks":{"a":0,"k":{"i":[[0,0],[0,0],[0,0],[0,0]],"o":[[0,0],[0,0],[0,0],[0,0]],"v":[[-61.252,-27.855],[-83.409,-41.68],[-79.529,-46.63],[-58.12,-31.85]],"c":true},"ix":2},"nm":"Trazado 22","mn":"ADBE Vector Shape - Group","hd":false},{"ind":22,"ty":"sh","ix":23,"ks":{"a":0,"k":{"i":[[0,0],[0,0],[0,0],[0,0]],"o":[[0,0],[0,0],[0,0],[0,0]],"v":[[-68.405,-71.361],[-85.594,-86.578],[-81.65,-91.608],[-64.813,-75.947]],"c":true},"ix":2},"nm":"Trazado 23","mn":"ADBE Vector Shape - Group","hd":false},{"ind":23,"ty":"sh","ix":24,"ks":{"a":0,"k":{"i":[[0,0],[0,0],[0,0],[0,0]],"o":[[0,0],[0,0],[0,0],[0,0]],"v":[[-76.034,-61.62],[-94.075,-75.75],[-87.599,-84.017],[-70.411,-68.8]],"c":true},"ix":2},"nm":"Trazado 24","mn":"ADBE Vector Shape - Group","hd":false},{"ind":24,"ty":"sh","ix":25,"ks":{"a":0,"k":{"i":[[0,0],[0,0],[0,0],[0,0]],"o":[[0,0],[0,0],[0,0],[0,0]],"v":[[-82.877,-52.886],[-101.764,-65.929],[-96.073,-73.195],[-78.036,-59.065]],"c":true},"ix":2},"nm":"Trazado 25","mn":"ADBE Vector Shape - Group","hd":false},{"ind":25,"ty":"sh","ix":26,"ks":{"a":0,"k":{"i":[[0,0],[0,0],[0,0],[0,0]],"o":[[0,0],[0,0],[0,0],[0,0]],"v":[[-88.946,-45.136],[-108.499,-57.335],[-103.77,-63.37],[-84.883,-50.327]],"c":true},"ix":2},"nm":"Trazado 26","mn":"ADBE Vector Shape - Group","hd":false},{"ind":26,"ty":"sh","ix":27,"ks":{"a":0,"k":{"i":[[0,0],[0,0],[0,0],[0,0],[0,0],[0,0],[0,0],[0,0],[0,0],[0,0],[7.681,6.018],[6.81,-6.617],[0,0],[0,0],[0,0],[0,0],[0,0],[0,0],[0,0],[0,0],[0,0],[0,0],[0,0],[0,0],[0,0],[0,0],[0,0],[0,0],[0,0],[0,0],[0,0],[0,0],[0,0],[0,0],[0,0],[0,0],[0,0],[0,0],[0,0],[0.461,-0.801],[7.494,-9.567],[0,0],[0,0],[0.225,-0.331],[-0.872,-0.59],[-0.587,0.872],[-0.052,0.176],[0,0],[0,0],[17.271,18.051],[-0.587,0.749],[0,0],[0,0],[0,0],[0,0],[0,0],[0,0],[0,0],[0,0],[0,0],[0,0],[0,0],[0,0],[0,0],[0,0],[0,0],[0,0],[0,0]],"o":[[0,0],[0,0],[0,0],[0,0],[0,0],[0,0],[0,0],[0,0],[0,0],[4.797,-8.196],[-7.681,-6.019],[0,0],[0,0],[0,0],[0,0],[0,0],[0,0],[0,0],[0,0],[0,0],[0,0],[0,0],[0,0],[0,0],[0,0],[0,0],[0,0],[0,0],[0,0],[0,0],[0,0],[0,0],[0,0],[0,0],[0,0],[0,0],[0,0],[0,0],[-0.584,0.747],[-21.659,-12.444],[0,0],[0,0],[-0.348,0.135],[-0.591,0.87],[0.871,0.591],[0.108,-0.159],[0,0],[0,0],[7.494,-9.565],[0.666,-0.638],[0,0],[0,0],[0,0],[0,0],[0,0],[0,0],[0,0],[0,0],[0,0],[0,0],[0,0],[0,0],[0,0],[0,0],[0,0],[0,0],[0,0],[0,0]],"v":[[92.238,40.935],[86.749,37.416],[64.783,23.346],[59.291,19.83],[37.65,5.965],[32.461,12.588],[30.455,15.149],[29.318,16.602],[27.271,19.212],[16.32,10.635],[11.576,-14.251],[-13.724,-12.899],[-25.184,-21.877],[-23.137,-24.488],[-22,-25.942],[-19.995,-28.501],[-14.809,-35.125],[-33.449,-52.817],[-38.182,-57.306],[-57.102,-75.262],[-61.832,-79.751],[-82.144,-99.03],[-89.316,-89.874],[-91.322,-87.315],[-97.982,-78.81],[-99.983,-76.255],[-105.857,-68.755],[-107.863,-66.195],[-115.821,-56.038],[-91.816,-41.476],[-86.222,-38.085],[-63.859,-24.522],[-58.27,-21.13],[-36.236,-7.766],[-31.675,-13.589],[-29.67,-16.15],[-27.231,-19.267],[-15.924,-10.411],[-23.56,-0.663],[-25.102,1.67],[-74.68,-4.129],[-39.499,23.429],[-48.639,58.228],[-49.534,58.9],[-49.028,61.545],[-46.383,61.038],[-46.166,60.523],[-14.379,43.103],[22.404,71.918],[4.901,25.172],[6.798,23.114],[14.431,13.368],[25.229,21.824],[22.785,24.94],[20.78,27.501],[16.219,33.323],[34.47,51.514],[39.102,56.131],[57.626,74.593],[62.258,79.21],[82.144,99.03],[90.102,88.873],[92.107,86.313],[97.981,78.814],[99.983,76.258],[106.643,67.754],[108.648,65.195],[115.821,56.039]],"c":true},"ix":2},"nm":"Trazado 27","mn":"ADBE Vector Shape - Group","hd":false},{"ty":"mm","mm":1,"nm":"Combinar trazados 1","mn":"ADBE Vector Filter - Merge","hd":false},{"ty":"fl","c":{"a":0,"k":[1,1,1,1],"ix":4},"o":{"a":0,"k":100,"ix":5},"r":1,"bm":0,"nm":"Relleno 1","mn":"ADBE Vector Graphic - Fill","hd":false},{"ty":"tr","p":{"a":0,"k":[116.071,99.28],"ix":2},"a":{"a":0,"k":[0,0],"ix":1},"s":{"a":0,"k":[100,100],"ix":3},"r":{"a":0,"k":0,"ix":6},"o":{"a":0,"k":100,"ix":7},"sk":{"a":0,"k":0,"ix":4},"sa":{"a":0,"k":0,"ix":5},"nm":"Transformar"}],"nm":"Grupo 1","np":29,"cix":2,"bm":0,"ix":1,"mn":"ADBE Vector Group","hd":false}],"ip":0,"op":50,"st":0,"ct":1,"bm":0}],"markers":[],"props":{}}