{"v":"5.12.1","fr":25,"ip":0,"op":50,"w":500,"h":500,"nm":"Layer 1/icon","ddd":0,"assets":[],"layers":[{"ddd":0,"ind":2,"ty":4,"nm":"Layer 1/icon contornos","sr":1,"ks":{"o":{"a":0,"k":100,"ix":11},"r":{"a":0,"k":0,"ix":10},"p":{"a":1,"k":[{"i":{"x":0,"y":1},"o":{"x":1,"y":0},"t":0,"s":[250,-201,0],"to":[0,0,0],"ti":[0,0,0]},{"i":{"x":0.667,"y":1},"o":{"x":1,"y":0},"t":17,"s":[250,290.263,0],"to":[0,0,0],"ti":[0,0,0]},{"i":{"x":0.667,"y":1},"o":{"x":0.333,"y":0},"t":33,"s":[250,215.263,0],"to":[0,0,0],"ti":[0,0,0]},{"t":41,"s":[250,248.263,0]}],"ix":2,"l":2},"a":{"a":0,"k":[130,141.5,0],"ix":1,"l":2},"s":{"a":0,"k":[137,137,100],"ix":6,"l":2}},"ao":0,"shapes":[{"ty":"gr","it":[{"ind":0,"ty":"sh","ix":1,"ks":{"a":0,"k":{"i":[[-11.495,0],[-5.144,-3.031],[-0.626,4.321],[0,0],[0,0],[0,0],[0,0],[0,0]],"o":[[7.087,0],[0.48,-3.219],[0,0],[0,0],[0,0],[0,0],[0,0],[5.075,-7.005]],"v":[[3.126,-2.558],[21.858,2.293],[23.549,-9.215],[23.545,-9.215],[23.536,-9.128],[-14.788,-9.128],[-23.549,-9.128],[-23.435,9.215]],"c":true},"ix":2},"nm":"Trazado 1","mn":"ADBE Vector Shape - Group","hd":false},{"ty":"fl","c":{"a":0,"k":[1,1,1,1],"ix":4},"o":{"a":0,"k":100,"ix":5},"r":1,"bm":0,"nm":"Relleno 1","mn":"ADBE Vector Graphic - Fill","hd":false},{"ty":"tr","p":{"a":0,"k":[160.991,249.854],"ix":2},"a":{"a":0,"k":[0,0],"ix":1},"s":{"a":0,"k":[100,100],"ix":3},"r":{"a":0,"k":0,"ix":6},"o":{"a":0,"k":100,"ix":7},"sk":{"a":0,"k":0,"ix":4},"sa":{"a":0,"k":0,"ix":5},"nm":"Transformar"}],"nm":"Grupo 1","np":2,"cix":2,"bm":0,"ix":1,"mn":"ADBE Vector Group","hd":false},{"ty":"gr","it":[{"ind":0,"ty":"sh","ix":1,"ks":{"a":0,"k":{"i":[[0,0],[-11.069,-9.675],[-9.67,11.079],[0,0],[0,0]],"o":[[-9.675,11.069],[11.075,9.675],[0,0],[0,0],[0,0]],"v":[[-15.491,-21.138],[-12.963,16.428],[24.608,13.899],[25.166,13.264],[-11.156,-26.104]],"c":true},"ix":2},"nm":"Trazado 1","mn":"ADBE Vector Shape - Group","hd":false},{"ty":"fl","c":{"a":0,"k":[1,1,1,1],"ix":4},"o":{"a":0,"k":100,"ix":5},"r":1,"bm":0,"nm":"Relleno 1","mn":"ADBE Vector Graphic - Fill","hd":false},{"ty":"tr","p":{"a":0,"k":[25.416,187.7],"ix":2},"a":{"a":0,"k":[0,0],"ix":1},"s":{"a":0,"k":[100,100],"ix":3},"r":{"a":0,"k":0,"ix":6},"o":{"a":0,"k":100,"ix":7},"sk":{"a":0,"k":0,"ix":4},"sa":{"a":0,"k":0,"ix":5},"nm":"Transformar"}],"nm":"Grupo 2","np":2,"cix":2,"bm":0,"ix":2,"mn":"ADBE Vector Group","hd":false},{"ty":"gr","it":[{"ind":0,"ty":"sh","ix":1,"ks":{"a":0,"k":{"i":[[10.055,10.727],[0,0],[0,0],[-9.872,9.24]],"o":[[0,0],[0,0],[10.173,8.358],[10.731,-10.059]],"v":[[13.122,-20.58],[7.53,-26.547],[-23.177,18.189],[11.897,17.055]],"c":true},"ix":2},"nm":"Trazado 1","mn":"ADBE Vector Shape - Group","hd":false},{"ty":"fl","c":{"a":0,"k":[1,1,1,1],"ix":4},"o":{"a":0,"k":100,"ix":5},"r":1,"bm":0,"nm":"Relleno 1","mn":"ADBE Vector Graphic - Fill","hd":false},{"ty":"tr","p":{"a":0,"k":[235.929,185.921],"ix":2},"a":{"a":0,"k":[0,0],"ix":1},"s":{"a":0,"k":[100,100],"ix":3},"r":{"a":0,"k":0,"ix":6},"o":{"a":0,"k":100,"ix":7},"sk":{"a":0,"k":0,"ix":4},"sa":{"a":0,"k":0,"ix":5},"nm":"Transformar"}],"nm":"Grupo 3","np":2,"cix":2,"bm":0,"ix":3,"mn":"ADBE Vector Group","hd":false},{"ty":"gr","it":[{"ind":0,"ty":"sh","ix":1,"ks":{"a":0,"k":{"i":[[-6.47,0],[0,6.47],[6.47,0],[0,-6.47]],"o":[[6.47,0],[0,-6.47],[-6.47,0],[0,6.47]],"v":[[-0.003,11.716],[11.716,0.003],[-0.003,-11.716],[-11.717,0.003]],"c":true},"ix":2},"nm":"Trazado 1","mn":"ADBE Vector Shape - Group","hd":false},{"ty":"fl","c":{"a":0,"k":[1,1,1,1],"ix":4},"o":{"a":0,"k":100,"ix":5},"r":1,"bm":0,"nm":"Relleno 1","mn":"ADBE Vector Graphic - Fill","hd":false},{"ty":"tr","p":{"a":0,"k":[154.232,69.879],"ix":2},"a":{"a":0,"k":[0,0],"ix":1},"s":{"a":0,"k":[100,100],"ix":3},"r":{"a":0,"k":0,"ix":6},"o":{"a":0,"k":100,"ix":7},"sk":{"a":0,"k":0,"ix":4},"sa":{"a":0,"k":0,"ix":5},"nm":"Transformar"}],"nm":"Grupo 4","np":2,"cix":2,"bm":0,"ix":4,"mn":"ADBE Vector Group","hd":false},{"ty":"gr","it":[{"ind":0,"ty":"sh","ix":1,"ks":{"a":0,"k":{"i":[[-6.47,0],[0,6.47],[6.47,0],[0,-6.47]],"o":[[6.47,0],[0,-6.47],[-6.47,0],[0,6.47]],"v":[[-0.003,11.716],[11.717,0.003],[-0.003,-11.716],[-11.717,0.003]],"c":true},"ix":2},"nm":"Trazado 1","mn":"ADBE Vector Shape - Group","hd":false},{"ty":"fl","c":{"a":0,"k":[1,1,1,1],"ix":4},"o":{"a":0,"k":100,"ix":5},"r":1,"bm":0,"nm":"Relleno 1","mn":"ADBE Vector Graphic - Fill","hd":false},{"ty":"tr","p":{"a":0,"k":[108.539,69.879],"ix":2},"a":{"a":0,"k":[0,0],"ix":1},"s":{"a":0,"k":[100,100],"ix":3},"r":{"a":0,"k":0,"ix":6},"o":{"a":0,"k":100,"ix":7},"sk":{"a":0,"k":0,"ix":4},"sa":{"a":0,"k":0,"ix":5},"nm":"Transformar"}],"nm":"Grupo 5","np":2,"cix":2,"bm":0,"ix":5,"mn":"ADBE Vector Group","hd":false},{"ty":"gr","it":[{"ind":0,"ty":"sh","ix":1,"ks":{"a":0,"k":{"i":[[-9.373,0],[-5.29,-6.411],[0,0],[0,0],[-0.686,-3.626]],"o":[[10.9,0],[0,0],[0,0],[1.102,5.861],[5.523,-4.97]],"v":[[0.17,-2.067],[25.874,8.637],[25.77,-8.637],[-25.874,-8.637],[-23.098,6.072]],"c":true},"ix":2},"nm":"Trazado 1","mn":"ADBE Vector Shape - Group","hd":false},{"ty":"fl","c":{"a":0,"k":[1,1,1,1],"ix":4},"o":{"a":0,"k":100,"ix":5},"r":1,"bm":0,"nm":"Relleno 1","mn":"ADBE Vector Graphic - Fill","hd":false},{"ty":"tr","p":{"a":0,"k":[102.267,249.362],"ix":2},"a":{"a":0,"k":[0,0],"ix":1},"s":{"a":0,"k":[100,100],"ix":3},"r":{"a":0,"k":0,"ix":6},"o":{"a":0,"k":100,"ix":7},"sk":{"a":0,"k":0,"ix":4},"sa":{"a":0,"k":0,"ix":5},"nm":"Transformar"}],"nm":"Grupo 6","np":2,"cix":2,"bm":0,"ix":6,"mn":"ADBE Vector Group","hd":false},{"ty":"gr","it":[{"ind":0,"ty":"sh","ix":1,"ks":{"a":0,"k":{"i":[[0,0],[0,0],[0,0],[0,0]],"o":[[0,0],[0,0],[0,0],[0,0]],"v":[[66.799,51.385],[35.986,51.385],[35.986,41.641],[66.799,41.641]],"c":true},"ix":2},"nm":"Trazado 1","mn":"ADBE Vector Shape - Group","hd":false},{"ind":1,"ty":"sh","ix":2,"ks":{"a":0,"k":{"i":[[0,0],[0,0],[0,0],[0,0]],"o":[[0,0],[0,0],[0,0],[0,0]],"v":[[34.125,40.288],[-33.577,40.288],[-33.577,27.262],[34.125,27.262]],"c":true},"ix":2},"nm":"Trazado 2","mn":"ADBE Vector Shape - Group","hd":false},{"ind":2,"ty":"sh","ix":3,"ks":{"a":0,"k":{"i":[[0,2.72],[-2.725,0],[0,-2.725],[2.725,0]],"o":[[0,-2.725],[2.725,0],[0,2.72],[-2.725,0]],"v":[[17.839,46.516],[22.772,41.583],[27.711,46.516],[22.772,51.445]],"c":true},"ix":2},"nm":"Trazado 3","mn":"ADBE Vector Shape - Group","hd":false},{"ind":3,"ty":"sh","ix":4,"ks":{"a":0,"k":{"i":[[0,2.72],[-2.725,0],[0,-2.725],[2.721,0]],"o":[[0,-2.725],[2.721,0],[0,2.72],[-2.725,0]],"v":[[4.309,46.516],[9.243,41.583],[14.176,46.516],[9.243,51.445]],"c":true},"ix":2},"nm":"Trazado 4","mn":"ADBE Vector Shape - Group","hd":false},{"ind":4,"ty":"sh","ix":5,"ks":{"a":0,"k":{"i":[[0,0],[0,0],[0,0],[0,0]],"o":[[0,0],[0,0],[0,0],[0,0]],"v":[[34.125,65.784],[-33.577,65.784],[-33.577,52.739],[34.125,52.739]],"c":true},"ix":2},"nm":"Trazado 5","mn":"ADBE Vector Shape - Group","hd":false},{"ind":5,"ty":"sh","ix":6,"ks":{"a":0,"k":{"i":[[0,0],[0,0],[0,0],[0,0]],"o":[[0,0],[0,0],[0,0],[0,0]],"v":[[-35.849,51.385],[-66.662,51.385],[-66.662,41.641],[-35.849,41.641]],"c":true},"ix":2},"nm":"Trazado 6","mn":"ADBE Vector Shape - Group","hd":false},{"ind":6,"ty":"sh","ix":7,"ks":{"a":0,"k":{"i":[[0,0],[0,0],[0,-30.945],[0,0],[18.801,0],[0,0],[0,17.438]],"o":[[0,-32.217],[0,0],[0,0],[0,17.438],[0,0],[-18.806,0],[0,0]],"v":[[-50.467,-44.961],[0.642,-76.539],[50.252,-44.961],[50.252,-18.798],[16.211,12.781],[-16.417,12.781],[-50.467,-18.798]],"c":true},"ix":2},"nm":"Trazado 7","mn":"ADBE Vector Shape - Group","hd":false},{"ind":7,"ty":"sh","ix":8,"ks":{"a":0,"k":{"i":[[0,0],[0,0],[0,0],[2.108,6.2],[0,0],[14.101,-40.122],[0,-8.198],[0,0],[0,0],[0,0],[0,0],[0,0],[-0.329,-1.984],[-3.502,-4.759],[0,0],[0,0],[0,0],[0,0],[0,0],[0,0],[0,0],[0,0],[0,0],[0,0],[-0.809,6.291],[-2.268,7.257],[0,3.832],[0,0],[0,0],[0,0],[0,0]],"o":[[0,0],[0,0],[0,-8.395],[-13.836,-40.638],[0,0],[-2.14,6.099],[0,0],[0,0],[0,0],[0,0],[0,0],[0,2.071],[0.993,5.944],[2.063,11.129],[0,0],[0,0],[0,0],[0,0],[0,0],[0,0],[0,0],[0,0],[0,0],[0.978,-6.853],[5.925,-4.884],[1.097,-3.502],[0,0],[0,0],[0,0],[0,0],[0,0]],"v":[[70.054,7.296],[70.054,-18.991],[70.054,-54.198],[66.703,-75.975],[0.642,-113.688],[-66.863,-75.536],[-70.265,-54.198],[-70.265,-19.087],[-70.265,5.764],[-70.265,40.288],[-70.265,52.74],[-70.265,66.699],[-69.712,72.771],[-62.803,88.984],[-57.64,116.613],[-4.68,116.613],[-4.744,106.234],[4.661,106.234],[4.726,116.613],[4.73,116.613],[13.532,116.613],[45.529,116.613],[52.899,116.613],[52.904,116.613],[55.693,96.264],[68.34,77.727],[70.054,66.699],[70.054,52.74],[70.265,52.74],[70.265,40.288],[70.054,40.288]],"c":true},"ix":2},"nm":"Trazado 8","mn":"ADBE Vector Shape - Group","hd":false},{"ty":"mm","mm":1,"nm":"Combinar trazados 1","mn":"ADBE Vector Filter - Merge","hd":false},{"ty":"fl","c":{"a":0,"k":[1,1,1,1],"ix":4},"o":{"a":0,"k":100,"ix":5},"r":1,"bm":0,"nm":"Relleno 1","mn":"ADBE Vector Graphic - Fill","hd":false},{"ty":"tr","p":{"a":0,"k":[132.671,116.863],"ix":2},"a":{"a":0,"k":[0,0],"ix":1},"s":{"a":0,"k":[100,100],"ix":3},"r":{"a":0,"k":0,"ix":6},"o":{"a":0,"k":100,"ix":7},"sk":{"a":0,"k":0,"ix":4},"sa":{"a":0,"k":0,"ix":5},"nm":"Transformar"}],"nm":"Grupo 7","np":10,"cix":2,"bm":0,"ix":7,"mn":"ADBE Vector Group","hd":false},{"ty":"gr","it":[{"ind":0,"ty":"sh","ix":1,"ks":{"a":0,"k":{"i":[[0,-8.394],[0,0],[0,4.957],[0,0],[2.999,1.454],[0,0],[0,3.498],[3.845,0],[0,-3.85],[-2.72,-0.951],[0,0]],"o":[[0,0],[4.952,0],[0,0],[0,-3.557],[0,0],[3.357,-0.499],[0,-3.85],[-3.854,0],[0,3.041],[0,0],[2.112,6.2]],"v":[[-1.006,4.501],[-1.006,39.708],[7.979,30.724],[7.979,-0.578],[2.89,-8.634],[0.018,-25.867],[5.962,-32.736],[-1.006,-39.708],[-7.979,-32.736],[-3.301,-26.184],[-4.363,-17.276]],"c":true},"ix":2},"nm":"Trazado 1","mn":"ADBE Vector Shape - Group","hd":false},{"ty":"fl","c":{"a":0,"k":[1,1,1,1],"ix":4},"o":{"a":0,"k":100,"ix":5},"r":1,"bm":0,"nm":"Relleno 1","mn":"ADBE Vector Graphic - Fill","hd":false},{"ty":"tr","p":{"a":0,"k":[207.448,58.164],"ix":2},"a":{"a":0,"k":[0,0],"ix":1},"s":{"a":0,"k":[100,100],"ix":3},"r":{"a":0,"k":0,"ix":6},"o":{"a":0,"k":100,"ix":7},"sk":{"a":0,"k":0,"ix":4},"sa":{"a":0,"k":0,"ix":5},"nm":"Transformar"}],"nm":"Grupo 8","np":2,"cix":2,"bm":0,"ix":8,"mn":"ADBE Vector Group","hd":false},{"ty":"gr","it":[{"ind":0,"ty":"sh","ix":1,"ks":{"a":0,"k":{"i":[[-4.522,-0.466],[0,0],[-2.145,6.099],[0,0],[0,3.04],[3.85,0],[0,-3.85],[-3.356,-0.502],[0,0],[0,-3.146],[0,0]],"o":[[0,0],[0,-8.198],[0,0],[2.721,-0.951],[0,-3.85],[-3.85,0],[0,3.498],[0,0],[-2.447,1.6],[0,0],[0,4.64]],"v":[[0.544,39.66],[0.544,4.549],[3.951,-16.789],[2.835,-26.135],[7.517,-32.687],[0.544,-39.66],[-6.424,-32.687],[-0.485,-25.82],[-3.447,-8.038],[-7.517,-0.53],[-7.517,30.772]],"c":true},"ix":2},"nm":"Trazado 1","mn":"ADBE Vector Shape - Group","hd":false},{"ty":"fl","c":{"a":0,"k":[1,1,1,1],"ix":4},"o":{"a":0,"k":100,"ix":5},"r":1,"bm":0,"nm":"Relleno 1","mn":"ADBE Vector Graphic - Fill","hd":false},{"ty":"tr","p":{"a":0,"k":[58.492,58.116],"ix":2},"a":{"a":0,"k":[0,0],"ix":1},"s":{"a":0,"k":[100,100],"ix":3},"r":{"a":0,"k":0,"ix":6},"o":{"a":0,"k":100,"ix":7},"sk":{"a":0,"k":0,"ix":4},"sa":{"a":0,"k":0,"ix":5},"nm":"Transformar"}],"nm":"Grupo 9","np":2,"cix":2,"bm":0,"ix":9,"mn":"ADBE Vector Group","hd":false},{"ty":"gr","it":[{"ind":0,"ty":"sh","ix":1,"ks":{"a":0,"k":{"i":[[0,0],[4.513,1.271],[0,0],[1.098,-3.503],[0,0],[0,0]],"o":[[-3.443,-3.671],[0,0],[0,3.831],[0,0],[0,0],[0,0]],"v":[[-4.092,-30.559],[-16.286,-37.948],[-16.286,21.456],[-18.001,32.484],[-12.88,37.948],[18.001,-6.975]],"c":true},"ix":2},"nm":"Trazado 1","mn":"ADBE Vector Shape - Group","hd":false},{"ty":"fl","c":{"a":0,"k":[1,1,1,1],"ix":4},"o":{"a":0,"k":100,"ix":5},"r":1,"bm":0,"nm":"Relleno 1","mn":"ADBE Vector Graphic - Fill","hd":false},{"ty":"tr","p":{"a":0,"k":[221.489,162.106],"ix":2},"a":{"a":0,"k":[0,0],"ix":1},"s":{"a":0,"k":[100,100],"ix":3},"r":{"a":0,"k":0,"ix":6},"o":{"a":0,"k":100,"ix":7},"sk":{"a":0,"k":0,"ix":4},"sa":{"a":0,"k":0,"ix":5},"nm":"Transformar"}],"nm":"Grupo 10","np":2,"cix":2,"bm":0,"ix":10,"mn":"ADBE Vector Group","hd":false},{"ty":"gr","it":[{"ind":0,"ty":"sh","ix":1,"ks":{"a":0,"k":{"i":[[0,0],[5.14,-5.88],[0,0],[0,0],[0,0],[0,2.071]],"o":[[-7.238,0.141],[0,0],[0,0],[0,0],[-0.334,-1.984],[0,0]],"v":[[20.612,-37.23],[1.079,-28.163],[-21.17,-2.705],[14.654,37.23],[21.17,29.777],[20.612,23.705]],"c":true},"ix":2},"nm":"Trazado 1","mn":"ADBE Vector Shape - Group","hd":false},{"ty":"fl","c":{"a":0,"k":[1,1,1,1],"ix":4},"o":{"a":0,"k":100,"ix":5},"r":1,"bm":0,"nm":"Relleno 1","mn":"ADBE Vector Graphic - Fill","hd":false},{"ty":"tr","p":{"a":0,"k":[39.316,159.857],"ix":2},"a":{"a":0,"k":[0,0],"ix":1},"s":{"a":0,"k":[100,100],"ix":3},"r":{"a":0,"k":0,"ix":6},"o":{"a":0,"k":100,"ix":7},"sk":{"a":0,"k":0,"ix":4},"sa":{"a":0,"k":0,"ix":5},"nm":"Transformar"}],"nm":"Grupo 11","np":2,"cix":2,"bm":0,"ix":11,"mn":"ADBE Vector Group","hd":false},{"ty":"gr","it":[{"ind":0,"ty":"sh","ix":1,"ks":{"a":0,"k":{"i":[[6.936,4.083],[7.087,0],[5.075,-7.004],[0,-3.799],[-1.39,-2.565],[0,0],[0,2.936]],"o":[[-5.144,-3.027],[-11.495,0],[-2.273,3.132],[0,2.936],[0,0],[1.395,-2.565],[0,-7.064]],"v":[[18.733,-10.434],[0,-15.285],[-26.56,-3.512],[-30.127,7],[-27.95,15.285],[27.95,15.285],[30.127,7]],"c":true},"ix":2},"nm":"Trazado 1","mn":"ADBE Vector Shape - Group","hd":false},{"ty":"fl","c":{"a":0,"k":[1,1,1,1],"ix":4},"o":{"a":0,"k":100,"ix":5},"r":1,"bm":0,"nm":"Relleno 1","mn":"ADBE Vector Graphic - Fill","hd":false},{"ty":"tr","p":{"a":0,"k":[164.116,267.12],"ix":2},"a":{"a":0,"k":[0,0],"ix":1},"s":{"a":0,"k":[100,100],"ix":3},"r":{"a":0,"k":0,"ix":6},"o":{"a":0,"k":100,"ix":7},"sk":{"a":0,"k":0,"ix":4},"sa":{"a":0,"k":0,"ix":5},"nm":"Transformar"}],"nm":"Grupo 12","np":2,"cix":2,"bm":0,"ix":12,"mn":"ADBE Vector Group","hd":false},{"ty":"gr","it":[{"ind":0,"ty":"sh","ix":1,"ks":{"a":0,"k":{"i":[[10.9,0],[5.523,-4.97],[0,-5.373],[-1.385,-2.564],[0,0],[0,2.935],[2.789,3.374]],"o":[[-9.373,0],[-4.28,3.85],[0,2.935],[0,0],[1.39,-2.564],[0,-4.243],[-5.29,-6.416]],"v":[[-0.005,-15.285],[-23.273,-7.146],[-30.127,7.001],[-27.96,15.285],[27.951,15.285],[30.127,7.001],[25.701,-4.576]],"c":true},"ix":2},"nm":"Trazado 1","mn":"ADBE Vector Shape - Group","hd":false},{"ty":"fl","c":{"a":0,"k":[1,1,1,1],"ix":4},"o":{"a":0,"k":100,"ix":5},"r":1,"bm":0,"nm":"Relleno 1","mn":"ADBE Vector Graphic - Fill","hd":false},{"ty":"tr","p":{"a":0,"k":[102.441,267.12],"ix":2},"a":{"a":0,"k":[0,0],"ix":1},"s":{"a":0,"k":[100,100],"ix":3},"r":{"a":0,"k":0,"ix":6},"o":{"a":0,"k":100,"ix":7},"sk":{"a":0,"k":0,"ix":4},"sa":{"a":0,"k":0,"ix":5},"nm":"Transformar"}],"nm":"Grupo 13","np":2,"cix":2,"bm":0,"ix":13,"mn":"ADBE Vector Group","hd":false}],"ip":0,"op":50,"st":0,"ct":1,"bm":0}],"markers":[],"props":{}}