{"v":"5.12.1","fr":25,"ip":0,"op":200,"w":5250,"h":3963,"nm":"Comp 1","ddd":0,"assets":[{"id":"comp_0","nm":"estrellas","fr":25,"layers":[{"ddd":0,"ind":1,"ty":4,"nm":"Capa 9/libro contornos 4","sr":1,"ks":{"o":{"a":0,"k":100,"ix":11},"r":{"a":0,"k":0,"ix":10},"p":{"a":0,"k":[2877.077,826.238,0],"ix":2,"l":2},"a":{"a":0,"k":[335.924,98.981,0],"ix":1,"l":2},"s":{"a":0,"k":[1728,1728,100],"ix":6,"l":2}},"ao":0,"shapes":[{"ty":"gr","it":[{"ind":0,"ty":"sh","ix":1,"ks":{"a":0,"k":{"i":[[0,0],[0,0],[0,0],[0,0],[0,0],[0,0],[0,0],[0,0],[0,0],[0,0]],"o":[[0,0],[0,0],[0,0],[0,0],[0,0],[0,0],[0,0],[0,0],[0,0],[0,0]],"v":[[12.122,-19.552],[-0.36,-12.655],[-13.119,-19.028],[-10.416,-5.026],[-20.42,5.139],[-6.267,6.896],[0.308,19.552],[6.353,6.635],[20.42,4.291],[10.003,-5.449]],"c":true},"ix":2},"nm":"Trazado 1","mn":"ADBE Vector Shape - Group","hd":false},{"ty":"fl","c":{"a":0,"k":[0.913725490196,0.565181896733,0.154079197902,1],"ix":4},"o":{"a":0,"k":100,"ix":5},"r":1,"bm":0,"nm":"Relleno 1","mn":"ADBE Vector Graphic - Fill","hd":false},{"ty":"tr","p":{"a":0,"k":[340.912,101.772],"ix":2},"a":{"a":0,"k":[0,0],"ix":1},"s":{"a":0,"k":[100,100],"ix":3},"r":{"a":0,"k":0,"ix":6},"o":{"a":0,"k":100,"ix":7},"sk":{"a":0,"k":0,"ix":4},"sa":{"a":0,"k":0,"ix":5},"nm":"Transformar"}],"nm":"Grupo 1","np":2,"cix":2,"bm":0,"ix":1,"mn":"ADBE Vector Group","hd":false}],"ip":0,"op":200,"st":0,"ct":1,"bm":0},{"ddd":0,"ind":2,"ty":4,"nm":"Capa 9/libro contornos 3","sr":1,"ks":{"o":{"a":0,"k":100,"ix":11},"r":{"a":0,"k":0,"ix":10},"p":{"a":0,"k":[3168.656,1449.156,0],"ix":2,"l":2},"a":{"a":0,"k":[335.924,98.981,0],"ix":1,"l":2},"s":{"a":0,"k":[1123,1123,100],"ix":6,"l":2}},"ao":0,"shapes":[{"ty":"gr","it":[{"ind":0,"ty":"sh","ix":1,"ks":{"a":0,"k":{"i":[[0,0],[0,0],[0,0],[0,0],[0,0],[0,0],[0,0],[0,0],[0,0],[0,0]],"o":[[0,0],[0,0],[0,0],[0,0],[0,0],[0,0],[0,0],[0,0],[0,0],[0,0]],"v":[[12.122,-19.552],[-0.36,-12.655],[-13.119,-19.028],[-10.416,-5.026],[-20.42,5.139],[-6.267,6.896],[0.308,19.552],[6.353,6.635],[20.42,4.291],[10.003,-5.449]],"c":true},"ix":2},"nm":"Trazado 1","mn":"ADBE Vector Shape - Group","hd":false},{"ty":"fl","c":{"a":0,"k":[0.956862745098,0.91227536669,0.198877342075,1],"ix":4},"o":{"a":0,"k":100,"ix":5},"r":1,"bm":0,"nm":"Relleno 1","mn":"ADBE Vector Graphic - Fill","hd":false},{"ty":"tr","p":{"a":0,"k":[340.912,101.772],"ix":2},"a":{"a":0,"k":[0,0],"ix":1},"s":{"a":0,"k":[100,100],"ix":3},"r":{"a":0,"k":0,"ix":6},"o":{"a":0,"k":100,"ix":7},"sk":{"a":0,"k":0,"ix":4},"sa":{"a":0,"k":0,"ix":5},"nm":"Transformar"}],"nm":"Grupo 1","np":2,"cix":2,"bm":0,"ix":1,"mn":"ADBE Vector Group","hd":false}],"ip":0,"op":200,"st":0,"ct":1,"bm":0},{"ddd":0,"ind":3,"ty":4,"nm":"Capa 9/libro contornos 6","sr":1,"ks":{"o":{"a":0,"k":100,"ix":11},"r":{"a":0,"k":0,"ix":10},"p":{"a":0,"k":[3509.374,1081.293,0],"ix":2,"l":2},"a":{"a":0,"k":[335.924,98.981,0],"ix":1,"l":2},"s":{"a":0,"k":[762,762,100],"ix":6,"l":2}},"ao":0,"shapes":[{"ty":"gr","it":[{"ind":0,"ty":"sh","ix":1,"ks":{"a":0,"k":{"i":[[0,0],[0,0],[0,0],[0,0],[0,0],[0,0],[0,0],[0,0],[0,0],[0,0]],"o":[[0,0],[0,0],[0,0],[0,0],[0,0],[0,0],[0,0],[0,0],[0,0],[0,0]],"v":[[12.122,-19.552],[-0.36,-12.655],[-13.119,-19.028],[-10.416,-5.026],[-20.42,5.139],[-6.267,6.896],[0.308,19.552],[6.353,6.635],[20.42,4.291],[10.003,-5.449]],"c":true},"ix":2},"nm":"Trazado 1","mn":"ADBE Vector Shape - Group","hd":false},{"ty":"fl","c":{"a":0,"k":[1,0.729411764706,0,1],"ix":4},"o":{"a":0,"k":100,"ix":5},"r":1,"bm":0,"nm":"Relleno 1","mn":"ADBE Vector Graphic - Fill","hd":false},{"ty":"tr","p":{"a":0,"k":[336.659,100.071],"ix":2},"a":{"a":0,"k":[0,0],"ix":1},"s":{"a":0,"k":[100,100],"ix":3},"r":{"a":0,"k":0,"ix":6},"o":{"a":0,"k":100,"ix":7},"sk":{"a":0,"k":0,"ix":4},"sa":{"a":0,"k":0,"ix":5},"nm":"Transformar"}],"nm":"Grupo 1","np":2,"cix":2,"bm":0,"ix":1,"mn":"ADBE Vector Group","hd":false}],"ip":0,"op":200,"st":0,"ct":1,"bm":0},{"ddd":0,"ind":4,"ty":4,"nm":"Capa 9/libro contornos 5","sr":1,"ks":{"o":{"a":0,"k":100,"ix":11},"r":{"a":0,"k":0,"ix":10},"p":{"a":0,"k":[2452.962,614.181,0],"ix":2,"l":2},"a":{"a":0,"k":[335.924,98.981,0],"ix":1,"l":2},"s":{"a":0,"k":[762,762,100],"ix":6,"l":2}},"ao":0,"shapes":[{"ty":"gr","it":[{"ind":0,"ty":"sh","ix":1,"ks":{"a":0,"k":{"i":[[0,0],[0,0],[0,0],[0,0],[0,0],[0,0],[0,0],[0,0],[0,0],[0,0]],"o":[[0,0],[0,0],[0,0],[0,0],[0,0],[0,0],[0,0],[0,0],[0,0],[0,0]],"v":[[12.122,-19.552],[-0.36,-12.655],[-13.119,-19.028],[-10.416,-5.026],[-20.42,5.139],[-6.267,6.896],[0.308,19.552],[6.353,6.635],[20.42,4.291],[10.003,-5.449]],"c":true},"ix":2},"nm":"Trazado 1","mn":"ADBE Vector Shape - Group","hd":false},{"ty":"fl","c":{"a":0,"k":[1,0.729411764706,0,1],"ix":4},"o":{"a":0,"k":100,"ix":5},"r":1,"bm":0,"nm":"Relleno 1","mn":"ADBE Vector Graphic - Fill","hd":false},{"ty":"tr","p":{"a":0,"k":[336.659,100.071],"ix":2},"a":{"a":0,"k":[0,0],"ix":1},"s":{"a":0,"k":[100,100],"ix":3},"r":{"a":0,"k":0,"ix":6},"o":{"a":0,"k":100,"ix":7},"sk":{"a":0,"k":0,"ix":4},"sa":{"a":0,"k":0,"ix":5},"nm":"Transformar"}],"nm":"Grupo 1","np":2,"cix":2,"bm":0,"ix":1,"mn":"ADBE Vector Group","hd":false}],"ip":0,"op":200,"st":0,"ct":1,"bm":0},{"ddd":0,"ind":5,"ty":4,"nm":"Capa 9/libro contornos 2","sr":1,"ks":{"o":{"a":0,"k":100,"ix":11},"r":{"a":0,"k":0,"ix":10},"p":{"a":0,"k":[2293.919,1131.071,0],"ix":2,"l":2},"a":{"a":0,"k":[335.924,98.981,0],"ix":1,"l":2},"s":{"a":0,"k":[1558,1558,100],"ix":6,"l":2}},"ao":0,"shapes":[{"ty":"gr","it":[{"ind":0,"ty":"sh","ix":1,"ks":{"a":0,"k":{"i":[[0,0],[0,0],[0,0],[0,0],[0,0],[0,0],[0,0],[0,0],[0,0],[0,0]],"o":[[0,0],[0,0],[0,0],[0,0],[0,0],[0,0],[0,0],[0,0],[0,0],[0,0]],"v":[[12.122,-19.552],[-0.36,-12.655],[-13.119,-19.028],[-10.416,-5.026],[-20.42,5.139],[-6.267,6.896],[0.308,19.552],[6.353,6.635],[20.42,4.291],[10.003,-5.449]],"c":true},"ix":2},"nm":"Trazado 1","mn":"ADBE Vector Shape - Group","hd":false},{"ty":"fl","c":{"a":0,"k":[0.953388947132,0.980392156863,0.215301797904,1],"ix":4},"o":{"a":0,"k":100,"ix":5},"r":1,"bm":0,"nm":"Relleno 1","mn":"ADBE Vector Graphic - Fill","hd":false},{"ty":"tr","p":{"a":0,"k":[336.659,100.071],"ix":2},"a":{"a":0,"k":[0,0],"ix":1},"s":{"a":0,"k":[100,100],"ix":3},"r":{"a":0,"k":0,"ix":6},"o":{"a":0,"k":100,"ix":7},"sk":{"a":0,"k":0,"ix":4},"sa":{"a":0,"k":0,"ix":5},"nm":"Transformar"}],"nm":"Grupo 1","np":2,"cix":2,"bm":0,"ix":1,"mn":"ADBE Vector Group","hd":false}],"ip":0,"op":200,"st":0,"ct":1,"bm":0},{"ddd":0,"ind":6,"ty":4,"nm":"Capa 9/libro contornos","sr":1,"ks":{"o":{"a":0,"k":100,"ix":11},"r":{"a":0,"k":0,"ix":10},"p":{"a":0,"k":[2691.527,1714.228,0],"ix":2,"l":2},"a":{"a":0,"k":[335.924,98.981,0],"ix":1,"l":2},"s":{"a":0,"k":[1221,1221,100],"ix":6,"l":2}},"ao":0,"shapes":[{"ty":"gr","it":[{"ind":0,"ty":"sh","ix":1,"ks":{"a":0,"k":{"i":[[0,0],[0,0],[0,0],[0,0],[0,0],[0,0],[0,0],[0,0],[0,0],[0,0]],"o":[[0,0],[0,0],[0,0],[0,0],[0,0],[0,0],[0,0],[0,0],[0,0],[0,0]],"v":[[12.122,-19.552],[-0.36,-12.655],[-13.119,-19.028],[-10.416,-5.026],[-20.42,5.139],[-6.267,6.896],[0.308,19.552],[6.353,6.635],[20.42,4.291],[10.003,-5.449]],"c":true},"ix":2},"nm":"Trazado 1","mn":"ADBE Vector Shape - Group","hd":false},{"ty":"fl","c":{"a":0,"k":[0.800000059838,0.415686304429,0.180392156863,1],"ix":4},"o":{"a":0,"k":100,"ix":5},"r":1,"bm":0,"nm":"Relleno 1","mn":"ADBE Vector Graphic - Fill","hd":false},{"ty":"tr","p":{"a":0,"k":[336.659,100.071],"ix":2},"a":{"a":0,"k":[0,0],"ix":1},"s":{"a":0,"k":[100,100],"ix":3},"r":{"a":0,"k":0,"ix":6},"o":{"a":0,"k":100,"ix":7},"sk":{"a":0,"k":0,"ix":4},"sa":{"a":0,"k":0,"ix":5},"nm":"Transformar"}],"nm":"Grupo 1","np":2,"cix":2,"bm":0,"ix":1,"mn":"ADBE Vector Group","hd":false}],"ip":0,"op":200,"st":0,"ct":1,"bm":0}]}],"layers":[{"ddd":0,"ind":1,"ty":4,"nm":"Capa 3/libro contornos","sr":1,"ks":{"o":{"a":0,"k":100,"ix":11},"r":{"a":0,"k":0,"ix":10},"p":{"a":0,"k":[2625,2674.118,0],"ix":2,"l":2},"a":{"a":0,"k":[253.84,297.997,0],"ix":1,"l":2},"s":{"a":1,"k":[{"i":{"x":[0,0,0.667],"y":[1,1,1]},"o":{"x":[1,1,0.333],"y":[0,0,0]},"t":0,"s":[0,0,100]},{"t":20,"s":[1273,1273,100]}],"ix":6,"l":2}},"ao":0,"shapes":[{"ty":"gr","it":[{"ind":0,"ty":"sh","ix":1,"ks":{"a":0,"k":{"i":[[-0.031,-4.35],[-1.48,-9.636],[1.973,-6.086],[0,0],[0,0],[1.973,17.751],[0,0]],"o":[[0,0],[1.48,9.636],[0,0],[0,0],[0,0],[-1.974,-17.751],[0,0]],"v":[[-7.377,-58.46],[-0.978,-17.829],[-6.403,62.81],[0.503,56.724],[6.915,61.289],[5.435,-18.843],[-3.938,-62.459]],"c":true},"ix":2},"nm":"Trazado 1","mn":"ADBE Vector Shape - Group","hd":false},{"ty":"fl","c":{"a":0,"k":[0.082352941176,0.509803921569,0.509803921569,1],"ix":4},"o":{"a":0,"k":100,"ix":5},"r":1,"bm":0,"nm":"Relleno 1","mn":"ADBE Vector Graphic - Fill","hd":false},{"ty":"tr","p":{"a":0,"k":[257.141,329.32],"ix":2},"a":{"a":0,"k":[0,0],"ix":1},"s":{"a":0,"k":[100,100],"ix":3},"r":{"a":0,"k":0,"ix":6},"o":{"a":0,"k":100,"ix":7},"sk":{"a":0,"k":0,"ix":4},"sa":{"a":0,"k":0,"ix":5},"nm":"Transformar"}],"nm":"Grupo 1","np":2,"cix":2,"bm":0,"ix":1,"mn":"ADBE Vector Group","hd":false},{"ty":"gr","it":[{"ind":0,"ty":"sh","ix":1,"ks":{"a":0,"k":{"i":[[0.815,-0.232],[18.477,-5.287],[18.337,-5.356],[10.081,-3.514],[0.185,-0.438],[3.463,-0.724],[0.477,3.629],[0.169,-0.032],[0.202,0.06],[39.255,10.6],[5.573,1.521],[5.449,0.745],[-0.268,-0.112],[-4.843,-1.327],[-4.894,-1.38],[-9.79,-2.747],[-19.42,-5.646],[-10.974,-3.239],[-0.129,0.093],[-3.469,0.33],[-1.608,3.685],[-9.074,2.662],[-9.277,2.721],[-18.34,5.345],[-10.375,3.123]],"o":[[-18.484,5.259],[-18.365,5.255],[-10.237,2.99],[-0.274,-0.253],[-1.344,3.197],[-3.331,0.698],[-0.027,-0.202],[-0.063,-0.153],[-39.009,-11.515],[-5.577,-1.506],[-5.311,-1.448],[-0.343,-0.047],[4.65,1.928],[4.903,1.343],[9.787,2.758],[19.47,5.463],[10.987,3.194],[0.199,0.059],[0.537,3.61],[4.084,-0.388],[9.196,-2.182],[9.278,-2.722],[18.332,-5.378],[10.4,-3.032],[0.807,-0.243]],"v":[[153.398,-24.896],[98.093,-8.577],[43.073,7.461],[12.304,16.576],[11.414,16.717],[4.199,23.562],[-3.178,18.624],[-3.559,18.388],[-3.946,18.045],[-121.294,-15.423],[-138.016,-19.976],[-154.21,-24.114],[-154.285,-23.541],[-139.634,-19.297],[-124.932,-15.238],[-95.552,-7.033],[-37.217,9.63],[-4.276,19.278],[-3.781,19.203],[3.722,24.797],[12.372,17.609],[39.702,9.727],[67.534,1.562],[122.528,-14.57],[153.746,-23.598]],"c":true},"ix":2},"nm":"Trazado 1","mn":"ADBE Vector Shape - Group","hd":false},{"ty":"fl","c":{"a":0,"k":[0.909803981407,0.196078446332,0.141176470588,1],"ix":4},"o":{"a":0,"k":100,"ix":5},"r":1,"bm":0,"nm":"Relleno 1","mn":"ADBE Vector Graphic - Fill","hd":false},{"ty":"tr","p":{"a":0,"k":[246.394,352.865],"ix":2},"a":{"a":0,"k":[0,0],"ix":1},"s":{"a":0,"k":[100,100],"ix":3},"r":{"a":0,"k":0,"ix":6},"o":{"a":0,"k":100,"ix":7},"sk":{"a":0,"k":0,"ix":4},"sa":{"a":0,"k":0,"ix":5},"nm":"Transformar"}],"nm":"Grupo 2","np":2,"cix":2,"bm":0,"ix":2,"mn":"ADBE Vector Group","hd":false},{"ty":"gr","it":[{"ind":0,"ty":"sh","ix":1,"ks":{"a":0,"k":{"i":[[0.303,0.09],[1.919,-0.16],[2.057,-0.223],[3.947,-0.587],[8.149,-2.029],[15.023,-7.065],[7.79,-5.202],[-0.585,0.321],[-7.409,3.561],[-7.826,2.863],[-15.996,2.666],[-4.672,0.483],[-2.268,0.173],[-2.043,0.859]],"o":[[-1.864,-0.552],[-2.062,0.172],[-3.966,0.428],[-8.296,1.236],[-16.057,3.998],[-8.438,3.968],[-0.552,0.369],[7.214,-3.951],[7.524,-3.617],[15.257,-5.582],[4.635,-0.773],[2.262,-0.234],[2.189,-0.167],[0.255,-0.107]],"v":[[59.983,-18.834],[54.333,-18.895],[48.154,-18.303],[36.281,-16.793],[11.597,-11.984],[-35.119,4.673],[-59.734,18.155],[-59.216,19.064],[-37.439,7.512],[-14.397,-2.214],[32.648,-14.85],[46.611,-16.767],[53.406,-17.378],[59.983,-18.249]],"c":true},"ix":2},"nm":"Trazado 1","mn":"ADBE Vector Shape - Group","hd":false},{"ty":"fl","c":{"a":0,"k":[0.976470648074,0.666666666667,0.623529411765,1],"ix":4},"o":{"a":0,"k":100,"ix":5},"r":1,"bm":0,"nm":"Relleno 1","mn":"ADBE Vector Graphic - Fill","hd":false},{"ty":"tr","p":{"a":0,"k":[318.631,328.173],"ix":2},"a":{"a":0,"k":[0,0],"ix":1},"s":{"a":0,"k":[100,100],"ix":3},"r":{"a":0,"k":0,"ix":6},"o":{"a":0,"k":100,"ix":7},"sk":{"a":0,"k":0,"ix":4},"sa":{"a":0,"k":0,"ix":5},"nm":"Transformar"}],"nm":"Grupo 3","np":2,"cix":2,"bm":0,"ix":3,"mn":"ADBE Vector Group","hd":false},{"ty":"gr","it":[{"ind":0,"ty":"sh","ix":1,"ks":{"a":0,"k":{"i":[[0.945,-0.167],[2.368,-0.469],[1.161,-0.234],[0.779,-0.713],[-0.106,-0.042],[-0.987,0.16],[-1.213,0.212],[-2.372,0.463]],"o":[[-2.377,0.421],[-1.161,0.229],[-0.994,0.201],[-0.1,0.092],[0.959,0.38],[1.216,-0.198],[2.381,-0.416],[0.956,-0.187]],"v":[[6.185,-1.838],[-0.925,-0.456],[-4.409,0.233],[-7.441,1.344],[-7.369,1.624],[-4.194,1.563],[-0.554,0.927],[6.585,-0.345]],"c":true},"ix":2},"nm":"Trazado 1","mn":"ADBE Vector Shape - Group","hd":false},{"ty":"fl","c":{"a":0,"k":[0.976470648074,0.666666666667,0.623529411765,1],"ix":4},"o":{"a":0,"k":100,"ix":5},"r":1,"bm":0,"nm":"Relleno 1","mn":"ADBE Vector Graphic - Fill","hd":false},{"ty":"tr","p":{"a":0,"k":[360.876,318.6],"ix":2},"a":{"a":0,"k":[0,0],"ix":1},"s":{"a":0,"k":[100,100],"ix":3},"r":{"a":0,"k":0,"ix":6},"o":{"a":0,"k":100,"ix":7},"sk":{"a":0,"k":0,"ix":4},"sa":{"a":0,"k":0,"ix":5},"nm":"Transformar"}],"nm":"Grupo 4","np":2,"cix":2,"bm":0,"ix":4,"mn":"ADBE Vector Group","hd":false},{"ty":"gr","it":[{"ind":0,"ty":"sh","ix":1,"ks":{"a":0,"k":{"i":[[0.742,-0.06],[3.181,-0.679],[3.329,-0.848],[6.508,-2.22],[6.183,-2.679],[5.636,-3.866],[-0.184,0.069],[-6.313,2.643],[-6.305,2.139],[-6.44,1.679],[-3.353,0.736],[-3.29,0.924]],"o":[[-3.244,0.261],[-3.357,0.717],[-6.656,1.694],[-6.368,2.172],[-6.232,2.7],[-0.145,0.099],[6.402,-2.372],[6.149,-2.575],[6.309,-2.142],[3.324,-0.866],[3.336,-0.733],[0.68,-0.191]],"v":[[38,-13.452],[28.324,-11.687],[18.294,-9.339],[-1.46,-3.448],[-20.29,3.826],[-38.706,13.136],[-38.579,13.443],[-19.741,5.166],[-1.048,-1.916],[18.086,-7.632],[28.102,-10.036],[38.171,-12.152]],"c":true},"ix":2},"nm":"Trazado 1","mn":"ADBE Vector Shape - Group","hd":false},{"ty":"fl","c":{"a":0,"k":[0.976470648074,0.666666666667,0.623529411765,1],"ix":4},"o":{"a":0,"k":100,"ix":5},"r":1,"bm":0,"nm":"Relleno 1","mn":"ADBE Vector Graphic - Fill","hd":false},{"ty":"tr","p":{"a":0,"k":[303.387,336.358],"ix":2},"a":{"a":0,"k":[0,0],"ix":1},"s":{"a":0,"k":[100,100],"ix":3},"r":{"a":0,"k":0,"ix":6},"o":{"a":0,"k":100,"ix":7},"sk":{"a":0,"k":0,"ix":4},"sa":{"a":0,"k":0,"ix":5},"nm":"Transformar"}],"nm":"Grupo 5","np":2,"cix":2,"bm":0,"ix":5,"mn":"ADBE Vector Group","hd":false},{"ty":"gr","it":[{"ind":0,"ty":"sh","ix":1,"ks":{"a":0,"k":{"i":[[0.893,-0.268],[30.516,-9.197],[4.223,-1.31],[4.038,-1.894],[-0.155,0.023],[-3.805,1.112],[-3.787,1.14],[-7.574,2.28],[-15.27,4.556],[-8.574,2.591]],"o":[[-30.526,9.162],[-4.233,1.276],[-4.24,1.315],[-0.172,0.081],[3.923,-0.578],[3.795,-1.109],[7.574,-2.28],[15.26,-4.593],[8.583,-2.56],[0.887,-0.268]],"v":[[57.868,-17.922],[-33.677,9.684],[-46.366,13.541],[-58.966,17.88],[-58.848,18.167],[-47.356,15.234],[-35.984,11.855],[-13.262,5.015],[32.525,-8.733],[58.251,-16.494]],"c":true},"ix":2},"nm":"Trazado 1","mn":"ADBE Vector Shape - Group","hd":false},{"ty":"fl","c":{"a":0,"k":[0.976470648074,0.666666666667,0.623529411765,1],"ix":4},"o":{"a":0,"k":100,"ix":5},"r":1,"bm":0,"nm":"Relleno 1","mn":"ADBE Vector Graphic - Fill","hd":false},{"ty":"tr","p":{"a":0,"k":[325.82,337.677],"ix":2},"a":{"a":0,"k":[0,0],"ix":1},"s":{"a":0,"k":[100,100],"ix":3},"r":{"a":0,"k":0,"ix":6},"o":{"a":0,"k":100,"ix":7},"sk":{"a":0,"k":0,"ix":4},"sa":{"a":0,"k":0,"ix":5},"nm":"Transformar"}],"nm":"Grupo 6","np":2,"cix":2,"bm":0,"ix":6,"mn":"ADBE Vector Group","hd":false},{"ty":"gr","it":[{"ind":0,"ty":"sh","ix":1,"ks":{"a":0,"k":{"i":[[0.198,0.164],[10.5,4.365],[11.584,1.782],[3.08,0.281],[3.201,-0.549],[-0.07,-0.018],[-2.639,-0.248],[-2.94,-0.461],[-5.477,-1.462],[-10.197,-5.386],[-5.573,-3.359]],"o":[[-8.842,-7.334],[-10.854,-4.511],[-3.058,-0.471],[-3.213,-0.294],[-0.075,0.013],[2.585,0.631],[2.962,0.28],[5.593,0.878],[11.097,2.963],[5.75,3.037],[0.206,0.124]],"v":[[41.214,13.986],[11.413,-3.101],[-22.424,-12.715],[-31.633,-13.846],[-41.337,-13.914],[-41.337,-13.762],[-33.445,-12.74],[-24.589,-11.629],[-7.96,-8.138],[24.104,4.455],[40.949,14.339]],"c":true},"ix":2},"nm":"Trazado 1","mn":"ADBE Vector Shape - Group","hd":false},{"ty":"fl","c":{"a":0,"k":[0.976470648074,0.666666666667,0.623529411765,1],"ix":4},"o":{"a":0,"k":100,"ix":5},"r":1,"bm":0,"nm":"Relleno 1","mn":"ADBE Vector Graphic - Fill","hd":false},{"ty":"tr","p":{"a":0,"k":[189.14,321.079],"ix":2},"a":{"a":0,"k":[0,0],"ix":1},"s":{"a":0,"k":[100,100],"ix":3},"r":{"a":0,"k":0,"ix":6},"o":{"a":0,"k":100,"ix":7},"sk":{"a":0,"k":0,"ix":4},"sa":{"a":0,"k":0,"ix":5},"nm":"Transformar"}],"nm":"Grupo 7","np":2,"cix":2,"bm":0,"ix":7,"mn":"ADBE Vector Group","hd":false},{"ty":"gr","it":[{"ind":0,"ty":"sh","ix":1,"ks":{"a":0,"k":{"i":[[0.497,0.392],[7.834,4.114],[8.234,2.902],[17.327,0.981],[4.908,-0.188],[4.805,-1.145],[-0.23,-0.005],[-4.309,0.1],[-4.315,-0.161],[-8.633,-1.597],[-15.577,-7.766],[-8.194,-5.431]],"o":[[-6.992,-5.509],[-7.751,-4.07],[-16.414,-5.787],[-4.904,-0.278],[-4.912,0.188],[-0.232,0.055],[4.311,0.077],[4.317,-0.1],[8.765,0.327],[17.038,3.151],[8.787,4.381],[0.558,0.37]],"v":[[63.381,17.022],[40.78,2.807],[16.765,-7.688],[-34.172,-17.915],[-48.895,-18.094],[-63.646,-16.582],[-63.591,-16.163],[-50.662,-16.615],[-37.703,-16.53],[-11.564,-13.638],[37.697,2.841],[62.874,17.913]],"c":true},"ix":2},"nm":"Trazado 1","mn":"ADBE Vector Shape - Group","hd":false},{"ty":"fl","c":{"a":0,"k":[0.976470648074,0.666666666667,0.623529411765,1],"ix":4},"o":{"a":0,"k":100,"ix":5},"r":1,"bm":0,"nm":"Relleno 1","mn":"ADBE Vector Graphic - Fill","hd":false},{"ty":"tr","p":{"a":0,"k":[175.65,330.489],"ix":2},"a":{"a":0,"k":[0,0],"ix":1},"s":{"a":0,"k":[100,100],"ix":3},"r":{"a":0,"k":0,"ix":6},"o":{"a":0,"k":100,"ix":7},"sk":{"a":0,"k":0,"ix":4},"sa":{"a":0,"k":0,"ix":5},"nm":"Transformar"}],"nm":"Grupo 8","np":2,"cix":2,"bm":0,"ix":8,"mn":"ADBE Vector Group","hd":false},{"ty":"gr","it":[{"ind":0,"ty":"sh","ix":1,"ks":{"a":0,"k":{"i":[[0.653,0.396],[29.054,4.388],[8.203,0.066],[-0.319,-0.025],[-14.18,-3.459],[-13.321,-6.116],[-7.009,-4.182]],"o":[[-25.284,-15.337],[-8.128,-1.227],[-0.327,-0.002],[14.521,1.133],[14.196,3.464],[7.4,3.398],[0.657,0.392]],"v":[[53.266,15.234],[-29.223,-14.755],[-53.592,-16.671],[-53.592,-16.155],[-10.324,-9.554],[31.048,4.891],[52.671,16.28]],"c":true},"ix":2},"nm":"Trazado 1","mn":"ADBE Vector Shape - Group","hd":false},{"ty":"fl","c":{"a":0,"k":[0.976470648074,0.666666666667,0.623529411765,1],"ix":4},"o":{"a":0,"k":100,"ix":5},"r":1,"bm":0,"nm":"Relleno 1","mn":"ADBE Vector Graphic - Fill","hd":false},{"ty":"tr","p":{"a":0,"k":[181.308,337.303],"ix":2},"a":{"a":0,"k":[0,0],"ix":1},"s":{"a":0,"k":[100,100],"ix":3},"r":{"a":0,"k":0,"ix":6},"o":{"a":0,"k":100,"ix":7},"sk":{"a":0,"k":0,"ix":4},"sa":{"a":0,"k":0,"ix":5},"nm":"Transformar"}],"nm":"Grupo 9","np":2,"cix":2,"bm":0,"ix":9,"mn":"ADBE Vector Group","hd":false},{"ty":"gr","it":[{"ind":0,"ty":"sh","ix":1,"ks":{"a":0,"k":{"i":[[0.34,0.203],[2.443,0.74],[2.719,0.782],[5.371,1.367],[5.408,1.209],[2.665,0.52],[2.729,0.155],[-0.382,-0.13],[-2.732,-0.609],[-2.647,-0.593],[-5.373,-1.365],[-5.228,-1.481],[-2.603,-0.779],[-2.658,-0.195]],"o":[[-2.211,-1.318],[-2.709,-0.821],[-5.33,-1.533],[-5.373,-1.368],[-2.651,-0.592],[-2.682,-0.522],[-0.434,-0.025],[2.657,0.9],[2.648,0.591],[5.408,1.212],[5.263,1.338],[2.613,0.74],[2.553,0.765],[0.421,0.031]],"v":[[32.066,7.714],[24.558,5.163],[16.416,2.757],[0.365,-1.607],[-15.808,-5.469],[-23.784,-7.125],[-31.925,-8.514],[-32.024,-7.766],[-23.773,-5.859],[-15.831,-4.076],[0.34,-0.203],[16.079,4.014],[23.903,6.292],[31.857,8.508]],"c":true},"ix":2},"nm":"Trazado 1","mn":"ADBE Vector Shape - Group","hd":false},{"ty":"fl","c":{"a":0,"k":[0.976470648074,0.666666666667,0.623529411765,1],"ix":4},"o":{"a":0,"k":100,"ix":5},"r":1,"bm":0,"nm":"Relleno 1","mn":"ADBE Vector Graphic - Fill","hd":false},{"ty":"tr","p":{"a":0,"k":[144.933,331.08],"ix":2},"a":{"a":0,"k":[0,0],"ix":1},"s":{"a":0,"k":[100,100],"ix":3},"r":{"a":0,"k":0,"ix":6},"o":{"a":0,"k":100,"ix":7},"sk":{"a":0,"k":0,"ix":4},"sa":{"a":0,"k":0,"ix":5},"nm":"Transformar"}],"nm":"Grupo 10","np":2,"cix":2,"bm":0,"ix":10,"mn":"ADBE Vector Group","hd":false},{"ty":"gr","it":[{"ind":0,"ty":"sh","ix":1,"ks":{"a":0,"k":{"i":[[0.485,1.072],[0.109,-0.232],[0.008,-0.965],[0.009,-1.132],[0.018,-2.205],[0.015,-4.349],[-0.041,-8.697],[-0.288,-4.926],[-0.019,0.258],[-0.086,4.401],[-0.054,4.349],[-0.055,8.698],[-0.016,2.443],[-0.008,1.192]],"o":[[-0.107,-0.237],[-0.414,0.879],[-0.01,1.132],[-0.019,2.204],[-0.037,4.348],[-0.03,8.697],[0.023,4.934],[0.015,0.26],[0.321,-4.39],[0.084,-4.348],[0.107,-8.698],[0.016,-2.443],[0.007,-1.191],[0.007,-1.162]],"v":[[0.395,-33.344],[-0.209,-33.344],[-0.555,-30.661],[-0.583,-27.265],[-0.638,-20.652],[-0.707,-7.606],[-0.762,18.487],[-0.592,33.321],[-0.2,33.321],[0.157,20.095],[0.341,7.049],[0.629,-19.044],[0.676,-26.372],[0.699,-29.946]],"c":true},"ix":2},"nm":"Trazado 1","mn":"ADBE Vector Shape - Group","hd":false},{"ty":"fl","c":{"a":0,"k":[1,0.839215746113,0.792156922583,1],"ix":4},"o":{"a":0,"k":100,"ix":5},"r":1,"bm":0,"nm":"Relleno 1","mn":"ADBE Vector Graphic - Fill","hd":false},{"ty":"tr","p":{"a":0,"k":[249.4,308.554],"ix":2},"a":{"a":0,"k":[0,0],"ix":1},"s":{"a":0,"k":[100,100],"ix":3},"r":{"a":0,"k":0,"ix":6},"o":{"a":0,"k":100,"ix":7},"sk":{"a":0,"k":0,"ix":4},"sa":{"a":0,"k":0,"ix":5},"nm":"Transformar"}],"nm":"Grupo 11","np":2,"cix":2,"bm":0,"ix":11,"mn":"ADBE Vector Group","hd":false},{"ty":"gr","it":[{"ind":0,"ty":"sh","ix":1,"ks":{"a":0,"k":{"i":[[0,0],[-56.337,12.592],[0,-1.511],[20.276,-36.306]],"o":[[0,0],[0,0],[0,1.511],[0,0]],"v":[[-65.945,-12.066],[28.073,-64.447],[66.284,11.102],[-66.285,64.447]],"c":true},"ix":2},"nm":"Trazado 1","mn":"ADBE Vector Shape - Group","hd":false},{"ty":"fl","c":{"a":0,"k":[1,0.929411824544,0.909803981407,1],"ix":4},"o":{"a":0,"k":100,"ix":5},"r":1,"bm":0,"nm":"Relleno 1","mn":"ADBE Vector Graphic - Fill","hd":false},{"ty":"tr","p":{"a":0,"k":[315.708,282.927],"ix":2},"a":{"a":0,"k":[0,0],"ix":1},"s":{"a":0,"k":[100,100],"ix":3},"r":{"a":0,"k":0,"ix":6},"o":{"a":0,"k":100,"ix":7},"sk":{"a":0,"k":0,"ix":4},"sa":{"a":0,"k":0,"ix":5},"nm":"Transformar"}],"nm":"Grupo 12","np":2,"cix":2,"bm":0,"ix":12,"mn":"ADBE Vector Group","hd":false},{"ty":"gr","it":[{"ind":0,"ty":"sh","ix":1,"ks":{"a":0,"k":{"i":[[0,0],[61.726,10.075],[-2.94,1.511],[-12.698,-57.418]],"o":[[0,0],[0,0],[2.939,-1.511],[0,0]],"v":[[51.363,83.838],[-51.703,-25.916],[-19.37,-82.327],[51.703,7.325]],"c":true},"ix":2},"nm":"Trazado 1","mn":"ADBE Vector Shape - Group","hd":false},{"ty":"fl","c":{"a":0,"k":[1,0.929411824544,0.909803981407,1],"ix":4},"o":{"a":0,"k":100,"ix":5},"r":1,"bm":0,"nm":"Relleno 1","mn":"ADBE Vector Graphic - Fill","hd":false},{"ty":"tr","p":{"a":0,"k":[198.06,263.536],"ix":2},"a":{"a":0,"k":[0,0],"ix":1},"s":{"a":0,"k":[100,100],"ix":3},"r":{"a":0,"k":0,"ix":6},"o":{"a":0,"k":100,"ix":7},"sk":{"a":0,"k":0,"ix":4},"sa":{"a":0,"k":0,"ix":5},"nm":"Transformar"}],"nm":"Grupo 13","np":2,"cix":2,"bm":0,"ix":13,"mn":"ADBE Vector Group","hd":false},{"ty":"gr","it":[{"ind":0,"ty":"sh","ix":1,"ks":{"a":0,"k":{"i":[[7.215,-10.821],[0,0],[-12.146,1.943],[-0.824,-8.325],[0,0],[-1.825,6.361],[66.126,-59.661],[96.355,-22.477]],"o":[[0,0],[0,0],[0,0],[0,0],[0,0],[0,0],[0,0],[0,0]],"v":[[-148.852,1.272],[-8.773,38.734],[3.374,28.466],[13.359,38.734],[148.852,-0.67],[146.216,-18.173],[2.833,24.026],[-143.482,-16.257]],"c":true},"ix":2},"nm":"Trazado 1","mn":"ADBE Vector Shape - Group","hd":false},{"ty":"fl","c":{"a":0,"k":[1,0.839215746113,0.792156922583,1],"ix":4},"o":{"a":0,"k":100,"ix":5},"r":1,"bm":0,"nm":"Relleno 1","mn":"ADBE Vector Graphic - Fill","hd":false},{"ty":"tr","p":{"a":0,"k":[246.59,323.348],"ix":2},"a":{"a":0,"k":[0,0],"ix":1},"s":{"a":0,"k":[100,100],"ix":3},"r":{"a":0,"k":0,"ix":6},"o":{"a":0,"k":100,"ix":7},"sk":{"a":0,"k":0,"ix":4},"sa":{"a":0,"k":0,"ix":5},"nm":"Transformar"}],"nm":"Grupo 14","np":2,"cix":2,"bm":0,"ix":14,"mn":"ADBE Vector Group","hd":false},{"ty":"gr","it":[{"ind":0,"ty":"sh","ix":1,"ks":{"a":0,"k":{"i":[[0.606,27.247],[0,0],[25.247,2.034],[-0.876,-0.3],[-27.624,-61.403]],"o":[[-0.613,0.634],[-21.951,-29.457],[-9.485,20.608],[1.47,0.504],[0,0]],"v":[[54.259,-19.49],[53.335,-18.492],[-34.074,-58.022],[-53.989,-11.945],[52.996,58.021]],"c":true},"ix":2},"nm":"Trazado 1","mn":"ADBE Vector Shape - Group","hd":false},{"ty":"fl","c":{"a":0,"k":[1,0.839215746113,0.792156922583,1],"ix":4},"o":{"a":0,"k":100,"ix":5},"r":1,"bm":0,"nm":"Relleno 1","mn":"ADBE Vector Graphic - Fill","hd":false},{"ty":"tr","p":{"a":0,"k":[196.428,289.352],"ix":2},"a":{"a":0,"k":[0,0],"ix":1},"s":{"a":0,"k":[100,100],"ix":3},"r":{"a":0,"k":0,"ix":6},"o":{"a":0,"k":100,"ix":7},"sk":{"a":0,"k":0,"ix":4},"sa":{"a":0,"k":0,"ix":5},"nm":"Transformar"}],"nm":"Grupo 15","np":2,"cix":2,"bm":0,"ix":15,"mn":"ADBE Vector Group","hd":false},{"ty":"gr","it":[{"ind":0,"ty":"sh","ix":1,"ks":{"a":0,"k":{"i":[[0,0],[0,0],[15.442,-6.105],[0,-2.34],[-42.619,18.636]],"o":[[0,0],[-27.153,-0.472],[-2.871,7.592],[0,6.044],[42.62,-18.635]],"v":[[64.664,13.549],[29.909,-49.341],[-33.624,-38.867],[-38.701,-22.211],[-22.046,31.177]],"c":true},"ix":2},"nm":"Trazado 1","mn":"ADBE Vector Shape - Group","hd":false},{"ty":"fl","c":{"a":0,"k":[1,0.839215746113,0.792156922583,1],"ix":4},"o":{"a":0,"k":100,"ix":5},"r":1,"bm":0,"nm":"Relleno 1","mn":"ADBE Vector Graphic - Fill","hd":false},{"ty":"tr","p":{"a":0,"k":[318.307,287.531],"ix":2},"a":{"a":0,"k":[0,0],"ix":1},"s":{"a":0,"k":[100,100],"ix":3},"r":{"a":0,"k":0,"ix":6},"o":{"a":0,"k":100,"ix":7},"sk":{"a":0,"k":0,"ix":4},"sa":{"a":0,"k":0,"ix":5},"nm":"Transformar"}],"nm":"Grupo 16","np":2,"cix":2,"bm":0,"ix":16,"mn":"ADBE Vector Group","hd":false},{"ty":"gr","it":[{"ind":0,"ty":"sh","ix":1,"ks":{"a":0,"k":{"i":[[0,0],[0,0],[-33.6,-45.09],[-76.041,-4.363],[0,0],[0,0],[0,0]],"o":[[0,0],[0,0],[0,0],[0,0],[0,0],[0,0],[0,0]],"v":[[-144.849,19.322],[-108.188,-56.908],[1.806,-16.909],[108.97,-49.272],[144.849,17.405],[107.202,36.908],[-3.5,61.999]],"c":true},"ix":2},"nm":"Trazado 1","mn":"ADBE Vector Shape - Group","hd":false},{"ty":"fl","c":{"a":0,"k":[1,0.929411824544,0.909803981407,1],"ix":4},"o":{"a":0,"k":100,"ix":5},"r":1,"bm":0,"nm":"Relleno 1","mn":"ADBE Vector Graphic - Fill","hd":false},{"ty":"tr","p":{"a":0,"k":[247.957,287.769],"ix":2},"a":{"a":0,"k":[0,0],"ix":1},"s":{"a":0,"k":[100,100],"ix":3},"r":{"a":0,"k":0,"ix":6},"o":{"a":0,"k":100,"ix":7},"sk":{"a":0,"k":0,"ix":4},"sa":{"a":0,"k":0,"ix":5},"nm":"Transformar"}],"nm":"Grupo 17","np":2,"cix":2,"bm":0,"ix":17,"mn":"ADBE Vector Group","hd":false},{"ty":"gr","it":[{"ind":0,"ty":"sh","ix":1,"ks":{"a":0,"k":{"i":[[-1.706,-2.338],[0,0],[-9.098,-0.585],[0,0],[-0.569,2.339],[1.706,0],[0,0],[4.548,1.169],[0,0],[2.274,0]],"o":[[0,0],[0,0],[9.098,0.584],[0,0],[0.568,-2.338],[-1.706,0],[0,0],[-4.549,-1.169],[0,0],[-2.275,0]],"v":[[-156.936,-20.735],[-7.96,20.187],[2.843,26.618],[14.215,20.772],[158.074,-21.32],[156.747,-27.203],[12.733,15.063],[2.275,21.356],[-4.549,15.51],[-155.23,-26.581]],"c":true},"ix":2},"nm":"Trazado 1","mn":"ADBE Vector Shape - Group","hd":false},{"ty":"fl","c":{"a":0,"k":[0.639215686275,0.141176470588,0.098039223166,1],"ix":4},"o":{"a":0,"k":100,"ix":5},"r":1,"bm":0,"nm":"Relleno 1","mn":"ADBE Vector Graphic - Fill","hd":false},{"ty":"tr","p":{"a":0,"k":[246.305,355.858],"ix":2},"a":{"a":0,"k":[0,0],"ix":1},"s":{"a":0,"k":[100,100],"ix":3},"r":{"a":0,"k":0,"ix":6},"o":{"a":0,"k":100,"ix":7},"sk":{"a":0,"k":0,"ix":4},"sa":{"a":0,"k":0,"ix":5},"nm":"Transformar"}],"nm":"Grupo 18","np":2,"cix":2,"bm":0,"ix":18,"mn":"ADBE Vector Group","hd":false},{"ty":"gr","it":[{"ind":0,"ty":"sh","ix":1,"ks":{"a":0,"k":{"i":[[0,0],[0,0],[0,0],[0,0],[0,0],[0,0],[3.111,-0.959],[0,0],[0,0]],"o":[[0,0],[0,0],[0,0],[0,0],[0,0],[0,0],[-3.111,0.96],[0,0],[0,0]],"v":[[-157.454,15.936],[-119.618,-65.572],[6.072,-40.303],[120.249,-64.932],[157.454,14.712],[12.915,59.175],[7.005,64.612],[-2.951,63.333],[-7.307,58.215]],"c":true},"ix":2},"nm":"Trazado 1","mn":"ADBE Vector Shape - Group","hd":false},{"ty":"fl","c":{"a":0,"k":[0.529411764706,0.117647066303,0.082352941176,1],"ix":4},"o":{"a":0,"k":100,"ix":5},"r":1,"bm":0,"nm":"Relleno 1","mn":"ADBE Vector Graphic - Fill","hd":false},{"ty":"tr","p":{"a":0,"k":[246.585,314.509],"ix":2},"a":{"a":0,"k":[0,0],"ix":1},"s":{"a":0,"k":[100,100],"ix":3},"r":{"a":0,"k":0,"ix":6},"o":{"a":0,"k":100,"ix":7},"sk":{"a":0,"k":0,"ix":4},"sa":{"a":0,"k":0,"ix":5},"nm":"Transformar"}],"nm":"Grupo 19","np":2,"cix":2,"bm":0,"ix":19,"mn":"ADBE Vector Group","hd":false}],"ip":0,"op":200,"st":0,"ct":1,"bm":0},{"ddd":0,"ind":2,"ty":0,"nm":"estrellas","refId":"comp_0","sr":1,"ks":{"o":{"a":0,"k":100,"ix":11},"r":{"a":0,"k":0,"ix":10},"p":{"a":1,"k":[{"i":{"x":0,"y":1},"o":{"x":1,"y":0},"t":17,"s":[2625,3711.5,0],"to":[0,0,0],"ti":[0,0,0]},{"t":32,"s":[2625,1864.5,0]}],"ix":2,"l":2},"a":{"a":0,"k":[2625,1981.5,0],"ix":1,"l":2},"s":{"a":0,"k":[100,100,100],"ix":6,"l":2}},"ao":0,"w":5250,"h":3963,"ip":15,"op":200,"st":0,"bm":0}],"markers":[],"props":{}}